Player,Runs,Balls,Wickets,Overs,Economy,Maidens,Date,Venue,City,Result,Match_ID,Event,Player_of_match,Opponent,Toss_Winner
B Kumar,30,54,2,9.0,3.33,0.0,2021-03-23,Maharashtra Cricket Association Stadium,Pune,Won,4281,England tour of India,S Dhawan,England,England
KH Pandya,59,60,1,10.0,5.9,0.0,2021-03-23,Maharashtra Cricket Association Stadium,Pune,Won,4281,England tour of India,S Dhawan,England,England
Kuldeep Yadav,68,54,0,9.0,7.56,0.0,2021-03-23,Maharashtra Cricket Association Stadium,Pune,Won,4281,England tour of India,S Dhawan,England,England
M Prasidh Krishna,54,49,4,8.1,6.61,2.0,2021-03-23,Maharashtra Cricket Association Stadium,Pune,Won,4281,England tour of India,S Dhawan,England,England
SN Thakur,37,36,3,6.0,6.17,0.0,2021-03-23,Maharashtra Cricket Association Stadium,Pune,Won,4281,England tour of India,S Dhawan,England,England
B Kumar,63,60,1,10.0,6.3,0.0,2021-03-26,Maharashtra Cricket Association Stadium,Pune,Lost,4283,England tour of India,JM Bairstow,England,England
KH Pandya,72,36,0,6.0,12.0,0.0,2021-03-26,Maharashtra Cricket Association Stadium,Pune,Lost,4283,England tour of India,JM Bairstow,England,England
Kuldeep Yadav,84,60,0,10.0,8.4,0.0,2021-03-26,Maharashtra Cricket Association Stadium,Pune,Lost,4283,England tour of India,JM Bairstow,England,England
M Prasidh Krishna,58,60,2,10.0,5.8,0.0,2021-03-26,Maharashtra Cricket Association Stadium,Pune,Lost,4283,England tour of India,JM Bairstow,England,England
SN Thakur,58,45,0,7.3,7.73,0.0,2021-03-26,Maharashtra Cricket Association Stadium,Pune,Lost,4283,England tour of India,JM Bairstow,England,England
B Kumar,42,60,3,10.0,4.2,0.0,2021-03-28,Maharashtra Cricket Association Stadium,Pune,Won,4284,England tour of India,SM Curran,England,England
HH Pandya,48,54,0,9.0,5.33,0.0,2021-03-28,Maharashtra Cricket Association Stadium,Pune,Won,4284,England tour of India,SM Curran,England,England
KH Pandya,29,24,0,4.0,7.25,0.0,2021-03-28,Maharashtra Cricket Association Stadium,Pune,Won,4284,England tour of India,SM Curran,England,England
M Prasidh Krishna,62,42,0,7.0,8.86,0.0,2021-03-28,Maharashtra Cricket Association Stadium,Pune,Won,4284,England tour of India,SM Curran,England,England
SN Thakur,67,60,4,10.0,6.7,0.0,2021-03-28,Maharashtra Cricket Association Stadium,Pune,Won,4284,England tour of India,SM Curran,England,England
T Natarajan,73,60,1,10.0,7.3,0.0,2021-03-28,Maharashtra Cricket Association Stadium,Pune,Won,4284,England tour of India,SM Curran,England,England
B Kumar,63,54,0,9.0,7.0,0.0,2021-07-18,"R Premadasa Stadium, Colombo",Colombo,Won,4307,India tour of Sri Lanka,PP Shaw,Sri Lanka,Sri Lanka
DL Chahar,37,42,2,7.0,5.29,1.0,2021-07-18,"R Premadasa Stadium, Colombo",Colombo,Won,4307,India tour of Sri Lanka,PP Shaw,Sri Lanka,Sri Lanka
HH Pandya,34,30,1,5.0,6.8,0.0,2021-07-18,"R Premadasa Stadium, Colombo",Colombo,Won,4307,India tour of Sri Lanka,PP Shaw,Sri Lanka,Sri Lanka
KH Pandya,26,60,1,10.0,2.6,1.0,2021-07-18,"R Premadasa Stadium, Colombo",Colombo,Won,4307,India tour of Sri Lanka,PP Shaw,Sri Lanka,Sri Lanka
Kuldeep Yadav,48,54,2,9.0,5.33,1.0,2021-07-18,"R Premadasa Stadium, Colombo",Colombo,Won,4307,India tour of Sri Lanka,PP Shaw,Sri Lanka,Sri Lanka
YS Chahal,52,60,2,10.0,5.2,0.0,2021-07-18,"R Premadasa Stadium, Colombo",Colombo,Won,4307,India tour of Sri Lanka,PP Shaw,Sri Lanka,Sri Lanka
B Kumar,54,60,3,10.0,5.4,0.0,2021-07-20,"R Premadasa Stadium, Colombo",Colombo,Won,4309,India tour of Sri Lanka,DL Chahar,Sri Lanka,Sri Lanka
DL Chahar,53,48,2,8.0,6.62,0.0,2021-07-20,"R Premadasa Stadium, Colombo",Colombo,Won,4309,India tour of Sri Lanka,DL Chahar,Sri Lanka,Sri Lanka
HH Pandya,20,24,0,4.0,5.0,0.0,2021-07-20,"R Premadasa Stadium, Colombo",Colombo,Won,4309,India tour of Sri Lanka,DL Chahar,Sri Lanka,Sri Lanka
KH Pandya,37,48,0,8.0,4.62,0.0,2021-07-20,"R Premadasa Stadium, Colombo",Colombo,Won,4309,India tour of Sri Lanka,DL Chahar,Sri Lanka,Sri Lanka
Kuldeep Yadav,55,60,0,10.0,5.5,0.0,2021-07-20,"R Premadasa Stadium, Colombo",Colombo,Won,4309,India tour of Sri Lanka,DL Chahar,Sri Lanka,Sri Lanka
YS Chahal,50,60,3,10.0,5.0,0.0,2021-07-20,"R Premadasa Stadium, Colombo",Colombo,Won,4309,India tour of Sri Lanka,DL Chahar,Sri Lanka,Sri Lanka
C Sakariya,34,48,2,8.0,4.25,0.0,2021-07-23,"R Premadasa Stadium, Colombo",Colombo,Lost,4312,India tour of Sri Lanka,WIA Fernando,Sri Lanka,India
HH Pandya,43,30,1,5.0,8.6,0.0,2021-07-23,"R Premadasa Stadium, Colombo",Colombo,Lost,4312,India tour of Sri Lanka,WIA Fernando,Sri Lanka,India
K Gowtham,49,48,1,8.0,6.12,0.0,2021-07-23,"R Premadasa Stadium, Colombo",Colombo,Lost,4312,India tour of Sri Lanka,WIA Fernando,Sri Lanka,India
N Rana,10,18,0,3.0,3.33,0.0,2021-07-23,"R Premadasa Stadium, Colombo",Colombo,Lost,4312,India tour of Sri Lanka,WIA Fernando,Sri Lanka,India
Navdeep Saini,27,30,0,5.0,5.4,0.0,2021-07-23,"R Premadasa Stadium, Colombo",Colombo,Lost,4312,India tour of Sri Lanka,WIA Fernando,Sri Lanka,India
RD Chahar,54,60,3,10.0,5.4,0.0,2021-07-23,"R Premadasa Stadium, Colombo",Colombo,Lost,4312,India tour of Sri Lanka,WIA Fernando,Sri Lanka,India
HH Pandya,22,24,0,4.0,5.5,0.0,2022-07-12,"Kennington Oval, London",London,Won,4424,India tour of England,JJ Bumrah,England,India
JJ Bumrah,19,44,6,7.2,2.59,4.0,2022-07-12,"Kennington Oval, London",London,Won,4424,India tour of England,JJ Bumrah,England,India
M Prasidh Krishna,26,30,1,5.0,5.2,0.0,2022-07-12,"Kennington Oval, London",London,Won,4424,India tour of England,JJ Bumrah,England,India
Mohammed Shami,31,42,3,7.0,4.43,0.0,2022-07-12,"Kennington Oval, London",London,Won,4424,India tour of England,JJ Bumrah,England,India
YS Chahal,10,12,0,2.0,5.0,0.0,2022-07-12,"Kennington Oval, London",London,Won,4424,India tour of England,JJ Bumrah,England,India
HH Pandya,28,36,2,6.0,4.67,0.0,2022-07-14,"Lord's, London",London,Lost,4428,India tour of England,RJW Topley,England,India
JJ Bumrah,49,60,2,10.0,4.9,1.0,2022-07-14,"Lord's, London",London,Lost,4428,India tour of England,RJW Topley,England,India
M Prasidh Krishna,53,48,1,8.0,6.62,0.0,2022-07-14,"Lord's, London",London,Lost,4428,India tour of England,RJW Topley,England,India
Mohammed Shami,48,60,1,10.0,4.8,0.0,2022-07-14,"Lord's, London",London,Lost,4428,India tour of England,RJW Topley,England,India
RA Jadeja,17,30,0,5.0,3.4,0.0,2022-07-14,"Lord's, London",London,Lost,4428,India tour of England,RJW Topley,England,India
YS Chahal,47,60,4,10.0,4.7,0.0,2022-07-14,"Lord's, London",London,Lost,4428,India tour of England,RJW Topley,England,India
HH Pandya,24,42,4,7.0,3.43,3.0,2022-07-17,"Old Trafford, Manchester",Manchester,Won,4433,India tour of England,RR Pant,England,India
M Prasidh Krishna,48,54,0,9.0,5.33,0.0,2022-07-17,"Old Trafford, Manchester",Manchester,Won,4433,India tour of England,RR Pant,England,India
Mohammed Shami,38,42,0,7.0,5.43,0.0,2022-07-17,"Old Trafford, Manchester",Manchester,Won,4433,India tour of England,RR Pant,England,India
Mohammed Siraj,66,54,2,9.0,7.33,1.0,2022-07-17,"Old Trafford, Manchester",Manchester,Won,4433,India tour of England,RR Pant,England,India
RA Jadeja,21,24,1,4.0,5.25,0.0,2022-07-17,"Old Trafford, Manchester",Manchester,Won,4433,India tour of England,RR Pant,England,India
YS Chahal,60,59,3,9.5,6.1,0.0,2022-07-17,"Old Trafford, Manchester",Manchester,Won,4433,India tour of England,RR Pant,England,India
B Kumar,64,60,0,10.0,6.4,0.0,2022-01-19,"Boland Park, Paarl",Paarl,Lost,4344,India tour of South Africa,HE van der Dussen,South Africa,South Africa
JJ Bumrah,48,60,2,10.0,4.8,0.0,2022-01-19,"Boland Park, Paarl",Paarl,Lost,4344,India tour of South Africa,HE van der Dussen,South Africa,South Africa
R Ashwin,53,60,1,10.0,5.3,0.0,2022-01-19,"Boland Park, Paarl",Paarl,Lost,4344,India tour of South Africa,HE van der Dussen,South Africa,South Africa
SN Thakur,72,60,0,10.0,7.2,1.0,2022-01-19,"Boland Park, Paarl",Paarl,Lost,4344,India tour of South Africa,HE van der Dussen,South Africa,South Africa
YS Chahal,53,60,0,10.0,5.3,0.0,2022-01-19,"Boland Park, Paarl",Paarl,Lost,4344,India tour of South Africa,HE van der Dussen,South Africa,South Africa
B Kumar,67,48,0,8.0,8.38,0.0,2022-01-21,"Boland Park, Paarl",Paarl,Lost,4346,India tour of South Africa,Q de Kock,South Africa,India
JJ Bumrah,37,60,1,10.0,3.7,0.0,2022-01-21,"Boland Park, Paarl",Paarl,Lost,4346,India tour of South Africa,Q de Kock,South Africa,India
R Ashwin,68,60,0,10.0,6.8,1.0,2022-01-21,"Boland Park, Paarl",Paarl,Lost,4346,India tour of South Africa,Q de Kock,South Africa,India
SN Thakur,35,30,1,5.0,7.0,0.0,2022-01-21,"Boland Park, Paarl",Paarl,Lost,4346,India tour of South Africa,Q de Kock,South Africa,India
SS Iyer,1,1,0,0.1,6.0,0.0,2022-01-21,"Boland Park, Paarl",Paarl,Lost,4346,India tour of South Africa,Q de Kock,South Africa,India
VR Iyer,28,30,0,5.0,5.6,0.0,2022-01-21,"Boland Park, Paarl",Paarl,Lost,4346,India tour of South Africa,Q de Kock,South Africa,India
YS Chahal,47,60,1,10.0,4.7,0.0,2022-01-21,"Boland Park, Paarl",Paarl,Lost,4346,India tour of South Africa,Q de Kock,South Africa,India
DL Chahar,53,48,2,8.0,6.62,0.0,2022-01-23,"Newlands, Cape Town",Cape Town,Lost,4349,India tour of South Africa,Q de Kock,South Africa,India
J Yadav,53,60,0,10.0,5.3,0.0,2022-01-23,"Newlands, Cape Town",Cape Town,Lost,4349,India tour of South Africa,Q de Kock,South Africa,India
JJ Bumrah,52,60,2,10.0,5.2,0.0,2022-01-23,"Newlands, Cape Town",Cape Town,Lost,4349,India tour of South Africa,Q de Kock,South Africa,India
M Prasidh Krishna,59,59,3,9.5,6.0,0.0,2022-01-23,"Newlands, Cape Town",Cape Town,Lost,4349,India tour of South Africa,Q de Kock,South Africa,India
SS Iyer,21,18,0,3.0,7.0,0.0,2022-01-23,"Newlands, Cape Town",Cape Town,Lost,4349,India tour of South Africa,Q de Kock,South Africa,India
YS Chahal,47,54,1,9.0,5.22,0.0,2022-01-23,"Newlands, Cape Town",Cape Town,Lost,4349,India tour of South Africa,Q de Kock,South Africa,India
M Prasidh Krishna,29,60,2,10.0,2.9,0.0,2022-02-06,"Narendra Modi Stadium, Ahmedabad",Ahmedabad,Won,4353,West Indies tour of India,YS Chahal,West Indies,India
Mohammed Siraj,26,48,1,8.0,3.25,2.0,2022-02-06,"Narendra Modi Stadium, Ahmedabad",Ahmedabad,Won,4353,West Indies tour of India,YS Chahal,West Indies,India
SN Thakur,38,42,0,7.0,5.43,0.0,2022-02-06,"Narendra Modi Stadium, Ahmedabad",Ahmedabad,Won,4353,West Indies tour of India,YS Chahal,West Indies,India
Washington Sundar,30,54,3,9.0,3.33,1.0,2022-02-06,"Narendra Modi Stadium, Ahmedabad",Ahmedabad,Won,4353,West Indies tour of India,YS Chahal,West Indies,India
YS Chahal,49,59,4,9.5,4.98,0.0,2022-02-06,"Narendra Modi Stadium, Ahmedabad",Ahmedabad,Won,4353,West Indies tour of India,YS Chahal,West Indies,India
DJ Hooda,24,24,1,4.0,6.0,0.0,2022-02-09,"Narendra Modi Stadium, Ahmedabad",Ahmedabad,Won,4355,West Indies tour of India,M Prasidh Krishna,West Indies,West Indies
M Prasidh Krishna,12,54,4,9.0,1.33,3.0,2022-02-09,"Narendra Modi Stadium, Ahmedabad",Ahmedabad,Won,4355,West Indies tour of India,M Prasidh Krishna,West Indies,West Indies
Mohammed Siraj,38,54,1,9.0,4.22,1.0,2022-02-09,"Narendra Modi Stadium, Ahmedabad",Ahmedabad,Won,4355,West Indies tour of India,M Prasidh Krishna,West Indies,West Indies
SN Thakur,41,54,2,9.0,4.56,1.0,2022-02-09,"Narendra Modi Stadium, Ahmedabad",Ahmedabad,Won,4355,West Indies tour of India,M Prasidh Krishna,West Indies,West Indies
Washington Sundar,28,30,1,5.0,5.6,0.0,2022-02-09,"Narendra Modi Stadium, Ahmedabad",Ahmedabad,Won,4355,West Indies tour of India,M Prasidh Krishna,West Indies,West Indies
YS Chahal,45,60,1,10.0,4.5,0.0,2022-02-09,"Narendra Modi Stadium, Ahmedabad",Ahmedabad,Won,4355,West Indies tour of India,M Prasidh Krishna,West Indies,West Indies
DL Chahar,41,48,2,8.0,5.12,1.0,2022-02-11,"Narendra Modi Stadium, Ahmedabad",Ahmedabad,Won,4356,West Indies tour of India,SS Iyer,West Indies,India
Kuldeep Yadav,51,48,2,8.0,6.38,0.0,2022-02-11,"Narendra Modi Stadium, Ahmedabad",Ahmedabad,Won,4356,West Indies tour of India,SS Iyer,West Indies,India
M Prasidh Krishna,27,49,3,8.1,3.31,2.0,2022-02-11,"Narendra Modi Stadium, Ahmedabad",Ahmedabad,Won,4356,West Indies tour of India,SS Iyer,West Indies,India
Mohammed Siraj,29,54,3,9.0,3.22,1.0,2022-02-11,"Narendra Modi Stadium, Ahmedabad",Ahmedabad,Won,4356,West Indies tour of India,SS Iyer,West Indies,India
Washington Sundar,17,24,0,4.0,4.25,0.0,2022-02-11,"Narendra Modi Stadium, Ahmedabad",Ahmedabad,Won,4356,West Indies tour of India,SS Iyer,West Indies,India
AR Patel,43,42,0,7.0,6.14,0.0,2022-07-22,"Queen's Park Oval, Port of Spain, Trinidad",Port of Spain,Won,4436,India tour of West Indies,S Dhawan,West Indies,West Indies
DJ Hooda,22,30,0,5.0,4.4,0.0,2022-07-22,"Queen's Park Oval, Port of Spain, Trinidad",Port of Spain,Won,4436,India tour of West Indies,S Dhawan,West Indies,West Indies
M Prasidh Krishna,62,60,0,10.0,6.2,1.0,2022-07-22,"Queen's Park Oval, Port of Spain, Trinidad",Port of Spain,Won,4436,India tour of West Indies,S Dhawan,West Indies,West Indies
Mohammed Siraj,57,60,2,10.0,5.7,0.0,2022-07-22,"Queen's Park Oval, Port of Spain, Trinidad",Port of Spain,Won,4436,India tour of West Indies,S Dhawan,West Indies,West Indies
SN Thakur,54,48,2,8.0,6.75,0.0,2022-07-22,"Queen's Park Oval, Port of Spain, Trinidad",Port of Spain,Won,4436,India tour of West Indies,S Dhawan,West Indies,West Indies
YS Chahal,58,60,2,10.0,5.8,0.0,2022-07-22,"Queen's Park Oval, Port of Spain, Trinidad",Port of Spain,Won,4436,India tour of West Indies,S Dhawan,West Indies,West Indies
AR Patel,40,54,1,9.0,4.44,1.0,2022-07-24,"Queen's Park Oval, Port of Spain, Trinidad",Port of Spain,Won,4438,India tour of West Indies,AR Patel,West Indies,West Indies
Avesh Khan,54,36,0,6.0,9.0,0.0,2022-07-24,"Queen's Park Oval, Port of Spain, Trinidad",Port of Spain,Won,4438,India tour of West Indies,AR Patel,West Indies,West Indies
DJ Hooda,42,54,1,9.0,4.67,0.0,2022-07-24,"Queen's Park Oval, Port of Spain, Trinidad",Port of Spain,Won,4438,India tour of West Indies,AR Patel,West Indies,West Indies
Mohammed Siraj,46,60,0,10.0,4.6,1.0,2022-07-24,"Queen's Park Oval, Port of Spain, Trinidad",Port of Spain,Won,4438,India tour of West Indies,AR Patel,West Indies,West Indies
SN Thakur,54,42,3,7.0,7.71,0.0,2022-07-24,"Queen's Park Oval, Port of Spain, Trinidad",Port of Spain,Won,4438,India tour of West Indies,AR Patel,West Indies,West Indies
YS Chahal,69,54,1,9.0,7.67,0.0,2022-07-24,"Queen's Park Oval, Port of Spain, Trinidad",Port of Spain,Won,4438,India tour of West Indies,AR Patel,West Indies,West Indies
AR Patel,38,36,1,6.0,6.33,0.0,2022-07-27,"Queen's Park Oval, Port of Spain, Trinidad",Port of Spain,Won,4439,India tour of West Indies,Shubman Gill,West Indies,India
DJ Hooda,16,24,0,4.0,4.0,1.0,2022-07-27,"Queen's Park Oval, Port of Spain, Trinidad",Port of Spain,Won,4439,India tour of West Indies,Shubman Gill,West Indies,India
M Prasidh Krishna,30,24,1,4.0,7.5,0.0,2022-07-27,"Queen's Park Oval, Port of Spain, Trinidad",Port of Spain,Won,4439,India tour of West Indies,Shubman Gill,West Indies,India
Mohammed Siraj,14,18,2,3.0,4.67,0.0,2022-07-27,"Queen's Park Oval, Port of Spain, Trinidad",Port of Spain,Won,4439,India tour of West Indies,Shubman Gill,West Indies,India
SN Thakur,17,30,2,5.0,3.4,0.0,2022-07-27,"Queen's Park Oval, Port of Spain, Trinidad",Port of Spain,Won,4439,India tour of West Indies,Shubman Gill,West Indies,India
YS Chahal,17,24,4,4.0,4.25,0.0,2022-07-27,"Queen's Park Oval, Port of Spain, Trinidad",Port of Spain,Won,4439,India tour of West Indies,Shubman Gill,West Indies,India
Arshdeep Singh,68,49,0,8.1,8.33,0.0,2022-11-25,"Eden Park, Auckland",Auckland,Lost,4483,India tour of New Zealand,TWM Latham,New Zealand,New Zealand
SN Thakur,63,54,1,9.0,7.0,1.0,2022-11-25,"Eden Park, Auckland",Auckland,Lost,4483,India tour of New Zealand,TWM Latham,New Zealand,New Zealand
Umran Malik,66,60,2,10.0,6.6,0.0,2022-11-25,"Eden Park, Auckland",Auckland,Lost,4483,India tour of New Zealand,TWM Latham,New Zealand,New Zealand
Washington Sundar,42,60,0,10.0,4.2,0.0,2022-11-25,"Eden Park, Auckland",Auckland,Lost,4483,India tour of New Zealand,TWM Latham,New Zealand,New Zealand
YS Chahal,67,60,0,10.0,6.7,0.0,2022-11-25,"Eden Park, Auckland",Auckland,Lost,4483,India tour of New Zealand,TWM Latham,New Zealand,New Zealand
Arshdeep Singh,21,30,0,5.0,4.2,1.0,2022-11-30,"Hagley Oval, Christchurch",Christchurch,no result,4489,India tour of New Zealand,,New Zealand,New Zealand
DL Chahar,30,30,0,5.0,6.0,0.0,2022-11-30,"Hagley Oval, Christchurch",Christchurch,no result,4489,India tour of New Zealand,,New Zealand,New Zealand
Umran Malik,31,30,1,5.0,6.2,0.0,2022-11-30,"Hagley Oval, Christchurch",Christchurch,no result,4489,India tour of New Zealand,,New Zealand,New Zealand
Washington Sundar,16,18,0,3.0,5.33,0.0,2022-11-30,"Hagley Oval, Christchurch",Christchurch,no result,4489,India tour of New Zealand,,New Zealand,New Zealand
AR Patel,24,45,3,7.3,3.2,1.0,2022-08-18,Harare Sports Club,Harare,Won,4451,India tour of Zimbabwe,DL Chahar,Zimbabwe,India
DL Chahar,27,42,3,7.0,3.86,0.0,2022-08-18,Harare Sports Club,Harare,Won,4451,India tour of Zimbabwe,DL Chahar,Zimbabwe,India
Kuldeep Yadav,36,60,0,10.0,3.6,1.0,2022-08-18,Harare Sports Club,Harare,Won,4451,India tour of Zimbabwe,DL Chahar,Zimbabwe,India
M Prasidh Krishna,50,48,3,8.0,6.25,0.0,2022-08-18,Harare Sports Club,Harare,Won,4451,India tour of Zimbabwe,DL Chahar,Zimbabwe,India
Mohammed Siraj,36,48,1,8.0,4.5,1.0,2022-08-18,Harare Sports Club,Harare,Won,4451,India tour of Zimbabwe,DL Chahar,Zimbabwe,India
AR Patel,20,42,1,7.0,2.86,1.0,2022-08-20,Harare Sports Club,Harare,Won,4454,India tour of Zimbabwe,SV Samson,Zimbabwe,India
DJ Hooda,6,12,1,2.0,3.0,0.0,2022-08-20,Harare Sports Club,Harare,Won,4454,India tour of Zimbabwe,SV Samson,Zimbabwe,India
Kuldeep Yadav,49,48,1,8.0,6.12,0.0,2022-08-20,Harare Sports Club,Harare,Won,4454,India tour of Zimbabwe,SV Samson,Zimbabwe,India
M Prasidh Krishna,28,37,1,6.1,4.54,1.0,2022-08-20,Harare Sports Club,Harare,Won,4454,India tour of Zimbabwe,SV Samson,Zimbabwe,India
Mohammed Siraj,16,48,1,8.0,2.0,2.0,2022-08-20,Harare Sports Club,Harare,Won,4454,India tour of Zimbabwe,SV Samson,Zimbabwe,India
SN Thakur,38,42,3,7.0,5.43,0.0,2022-08-20,Harare Sports Club,Harare,Won,4454,India tour of Zimbabwe,SV Samson,Zimbabwe,India
AR Patel,30,60,2,10.0,3.0,1.0,2022-08-22,Harare Sports Club,Harare,Won,4457,India tour of Zimbabwe,Shubman Gill,Zimbabwe,India
Avesh Khan,66,57,3,9.3,6.95,1.0,2022-08-22,Harare Sports Club,Harare,Won,4457,India tour of Zimbabwe,Shubman Gill,Zimbabwe,India
DJ Hooda,9,6,0,1.0,9.0,0.0,2022-08-22,Harare Sports Club,Harare,Won,4457,India tour of Zimbabwe,Shubman Gill,Zimbabwe,India
DL Chahar,75,60,2,10.0,7.5,0.0,2022-08-22,Harare Sports Club,Harare,Won,4457,India tour of Zimbabwe,Shubman Gill,Zimbabwe,India
Kuldeep Yadav,38,61,2,10.1,3.74,0.0,2022-08-22,Harare Sports Club,Harare,Won,4457,India tour of Zimbabwe,Shubman Gill,Zimbabwe,India
SN Thakur,55,54,1,9.0,6.11,0.0,2022-08-22,Harare Sports Club,Harare,Won,4457,India tour of Zimbabwe,Shubman Gill,Zimbabwe,India
Avesh Khan,51,48,0,8.0,6.38,0.0,2022-10-06,"Bharat Ratna Shri Atal Bihari Vajpayee Ekana Cricket Stadium, Lucknow",Lucknow,Lost,4470,South Africa tour of India,H Klaasen,South Africa,India
Kuldeep Yadav,39,48,1,8.0,4.88,0.0,2022-10-06,"Bharat Ratna Shri Atal Bihari Vajpayee Ekana Cricket Stadium, Lucknow",Lucknow,Lost,4470,South Africa tour of India,H Klaasen,South Africa,India
Mohammed Siraj,49,48,0,8.0,6.12,0.0,2022-10-06,"Bharat Ratna Shri Atal Bihari Vajpayee Ekana Cricket Stadium, Lucknow",Lucknow,Lost,4470,South Africa tour of India,H Klaasen,South Africa,India
Ravi Bishnoi,69,48,1,8.0,8.62,0.0,2022-10-06,"Bharat Ratna Shri Atal Bihari Vajpayee Ekana Cricket Stadium, Lucknow",Lucknow,Lost,4470,South Africa tour of India,H Klaasen,South Africa,India
SN Thakur,35,48,2,8.0,4.38,1.0,2022-10-06,"Bharat Ratna Shri Atal Bihari Vajpayee Ekana Cricket Stadium, Lucknow",Lucknow,Lost,4470,South Africa tour of India,H Klaasen,South Africa,India
Avesh Khan,35,42,0,7.0,5.0,0.0,2022-10-09,"JSCA International Stadium Complex, Ranchi",Ranchi,Won,4471,South Africa tour of India,SS Iyer,South Africa,South Africa
Kuldeep Yadav,49,54,1,9.0,5.44,0.0,2022-10-09,"JSCA International Stadium Complex, Ranchi",Ranchi,Won,4471,South Africa tour of India,SS Iyer,South Africa,South Africa
Mohammed Siraj,38,60,3,10.0,3.8,1.0,2022-10-09,"JSCA International Stadium Complex, Ranchi",Ranchi,Won,4471,South Africa tour of India,SS Iyer,South Africa,South Africa
SN Thakur,36,30,1,5.0,7.2,0.0,2022-10-09,"JSCA International Stadium Complex, Ranchi",Ranchi,Won,4471,South Africa tour of India,SS Iyer,South Africa,South Africa
Shahbaz Ahmed,54,60,1,10.0,5.4,0.0,2022-10-09,"JSCA International Stadium Complex, Ranchi",Ranchi,Won,4471,South Africa tour of India,SS Iyer,South Africa,South Africa
Washington Sundar,60,54,1,9.0,6.67,0.0,2022-10-09,"JSCA International Stadium Complex, Ranchi",Ranchi,Won,4471,South Africa tour of India,SS Iyer,South Africa,South Africa
Avesh Khan,8,30,0,5.0,1.6,1.0,2022-10-11,"Arun Jaitley Stadium, Delhi",Delhi,Won,4472,South Africa tour of India,Kuldeep Yadav,South Africa,India
Kuldeep Yadav,18,25,4,4.1,4.32,2.0,2022-10-11,"Arun Jaitley Stadium, Delhi",Delhi,Won,4472,South Africa tour of India,Kuldeep Yadav,South Africa,India
Mohammed Siraj,17,30,2,5.0,3.4,0.0,2022-10-11,"Arun Jaitley Stadium, Delhi",Delhi,Won,4472,South Africa tour of India,Kuldeep Yadav,South Africa,India
SN Thakur,8,12,0,2.0,4.0,0.0,2022-10-11,"Arun Jaitley Stadium, Delhi",Delhi,Won,4472,South Africa tour of India,Kuldeep Yadav,South Africa,India
Shahbaz Ahmed,32,42,2,7.0,4.57,0.0,2022-10-11,"Arun Jaitley Stadium, Delhi",Delhi,Won,4472,South Africa tour of India,Kuldeep Yadav,South Africa,India
Washington Sundar,15,24,2,4.0,3.75,0.0,2022-10-11,"Arun Jaitley Stadium, Delhi",Delhi,Won,4472,South Africa tour of India,Kuldeep Yadav,South Africa,India
DL Chahar,32,48,1,8.0,4.0,1.0,2022-12-04,"Shere Bangla National Stadium, Mirpur",Dhaka,Lost,4493,India tour of Bangladesh,Mehedi Hasan Miraz,Bangladesh,Bangladesh
KR Sen,37,30,2,5.0,7.4,0.0,2022-12-04,"Shere Bangla National Stadium, Mirpur",Dhaka,Lost,4493,India tour of Bangladesh,Mehedi Hasan Miraz,Bangladesh,Bangladesh
Mohammed Siraj,32,60,3,10.0,3.2,1.0,2022-12-04,"Shere Bangla National Stadium, Mirpur",Dhaka,Lost,4493,India tour of Bangladesh,Mehedi Hasan Miraz,Bangladesh,Bangladesh
SN Thakur,21,54,1,9.0,2.33,1.0,2022-12-04,"Shere Bangla National Stadium, Mirpur",Dhaka,Lost,4493,India tour of Bangladesh,Mehedi Hasan Miraz,Bangladesh,Bangladesh
Shahbaz Ahmed,39,54,0,9.0,4.33,0.0,2022-12-04,"Shere Bangla National Stadium, Mirpur",Dhaka,Lost,4493,India tour of Bangladesh,Mehedi Hasan Miraz,Bangladesh,Bangladesh
Washington Sundar,17,30,2,5.0,3.4,0.0,2022-12-04,"Shere Bangla National Stadium, Mirpur",Dhaka,Lost,4493,India tour of Bangladesh,Mehedi Hasan Miraz,Bangladesh,Bangladesh
AR Patel,40,42,0,7.0,5.71,0.0,2022-12-07,"Shere Bangla National Stadium, Mirpur",Dhaka,Lost,4496,India tour of Bangladesh,Mehedi Hasan Miraz,Bangladesh,Bangladesh
DL Chahar,12,18,0,3.0,4.0,0.0,2022-12-07,"Shere Bangla National Stadium, Mirpur",Dhaka,Lost,4496,India tour of Bangladesh,Mehedi Hasan Miraz,Bangladesh,Bangladesh
Mohammed Siraj,73,60,2,10.0,7.3,0.0,2022-12-07,"Shere Bangla National Stadium, Mirpur",Dhaka,Lost,4496,India tour of Bangladesh,Mehedi Hasan Miraz,Bangladesh,Bangladesh
SN Thakur,47,60,0,10.0,4.7,0.0,2022-12-07,"Shere Bangla National Stadium, Mirpur",Dhaka,Lost,4496,India tour of Bangladesh,Mehedi Hasan Miraz,Bangladesh,Bangladesh
Umran Malik,59,60,2,10.0,5.9,2.0,2022-12-07,"Shere Bangla National Stadium, Mirpur",Dhaka,Lost,4496,India tour of Bangladesh,Mehedi Hasan Miraz,Bangladesh,Bangladesh
Washington Sundar,37,60,3,10.0,3.7,0.0,2022-12-07,"Shere Bangla National Stadium, Mirpur",Dhaka,Lost,4496,India tour of Bangladesh,Mehedi Hasan Miraz,Bangladesh,Bangladesh
AR Patel,22,30,2,5.0,4.4,0.0,2022-12-10,"Zahur Ahmed Chowdhury Stadium, Chattogram",Chattogram,Won,4499,India tour of Bangladesh,Ishan Kishan,Bangladesh,Bangladesh
Kuldeep Yadav,53,60,1,10.0,5.3,1.0,2022-12-10,"Zahur Ahmed Chowdhury Stadium, Chattogram",Chattogram,Won,4499,India tour of Bangladesh,Ishan Kishan,Bangladesh,Bangladesh
Mohammed Siraj,27,30,1,5.0,5.4,0.0,2022-12-10,"Zahur Ahmed Chowdhury Stadium, Chattogram",Chattogram,Won,4499,India tour of Bangladesh,Ishan Kishan,Bangladesh,Bangladesh
SN Thakur,30,30,3,5.0,6.0,0.0,2022-12-10,"Zahur Ahmed Chowdhury Stadium, Chattogram",Chattogram,Won,4499,India tour of Bangladesh,Ishan Kishan,Bangladesh,Bangladesh
Umran Malik,43,48,2,8.0,5.38,0.0,2022-12-10,"Zahur Ahmed Chowdhury Stadium, Chattogram",Chattogram,Won,4499,India tour of Bangladesh,Ishan Kishan,Bangladesh,Bangladesh
Washington Sundar,2,6,1,1.0,2.0,0.0,2022-12-10,"Zahur Ahmed Chowdhury Stadium, Chattogram",Chattogram,Won,4499,India tour of Bangladesh,Ishan Kishan,Bangladesh,Bangladesh
AR Patel,58,60,0,10.0,5.8,0.0,2023-01-10,"Barsapara Cricket Stadium, Guwahati",Guwahati,Won,4501,Sri Lanka tour of India,V Kohli,Sri Lanka,Sri Lanka
HH Pandya,33,36,1,6.0,5.5,0.0,2023-01-10,"Barsapara Cricket Stadium, Guwahati",Guwahati,Won,4501,Sri Lanka tour of India,V Kohli,Sri Lanka,Sri Lanka
Mohammed Shami,67,54,1,9.0,7.44,0.0,2023-01-10,"Barsapara Cricket Stadium, Guwahati",Guwahati,Won,4501,Sri Lanka tour of India,V Kohli,Sri Lanka,Sri Lanka
Mohammed Siraj,30,42,2,7.0,4.29,1.0,2023-01-10,"Barsapara Cricket Stadium, Guwahati",Guwahati,Won,4501,Sri Lanka tour of India,V Kohli,Sri Lanka,Sri Lanka
Umran Malik,57,48,3,8.0,7.12,0.0,2023-01-10,"Barsapara Cricket Stadium, Guwahati",Guwahati,Won,4501,Sri Lanka tour of India,V Kohli,Sri Lanka,Sri Lanka
YS Chahal,58,60,1,10.0,5.8,0.0,2023-01-10,"Barsapara Cricket Stadium, Guwahati",Guwahati,Won,4501,Sri Lanka tour of India,V Kohli,Sri Lanka,Sri Lanka
AR Patel,16,30,1,5.0,3.2,0.0,2023-01-12,"Eden Gardens, Kolkata",Kolkata,Won,4503,Sri Lanka tour of India,Kuldeep Yadav,Sri Lanka,Sri Lanka
HH Pandya,26,30,0,5.0,5.2,0.0,2023-01-12,"Eden Gardens, Kolkata",Kolkata,Won,4503,Sri Lanka tour of India,Kuldeep Yadav,Sri Lanka,Sri Lanka
Kuldeep Yadav,51,60,3,10.0,5.1,0.0,2023-01-12,"Eden Gardens, Kolkata",Kolkata,Won,4503,Sri Lanka tour of India,Kuldeep Yadav,Sri Lanka,Sri Lanka
Mohammed Shami,43,42,0,7.0,6.14,0.0,2023-01-12,"Eden Gardens, Kolkata",Kolkata,Won,4503,Sri Lanka tour of India,Kuldeep Yadav,Sri Lanka,Sri Lanka
Mohammed Siraj,30,34,3,5.4,5.29,0.0,2023-01-12,"Eden Gardens, Kolkata",Kolkata,Won,4503,Sri Lanka tour of India,Kuldeep Yadav,Sri Lanka,Sri Lanka
Umran Malik,48,42,2,7.0,6.86,0.0,2023-01-12,"Eden Gardens, Kolkata",Kolkata,Won,4503,Sri Lanka tour of India,Kuldeep Yadav,Sri Lanka,Sri Lanka
Kuldeep Yadav,16,30,2,5.0,3.2,1.0,2023-01-15,"Greenfield International Stadium, Thiruvananthapuram",Thiruvananthapuram,Won,4505,Sri Lanka tour of India,V Kohli,Sri Lanka,India
Mohammed Shami,20,36,2,6.0,3.33,1.0,2023-01-15,"Greenfield International Stadium, Thiruvananthapuram",Thiruvananthapuram,Won,4505,Sri Lanka tour of India,V Kohli,Sri Lanka,India
Mohammed Siraj,32,60,4,10.0,3.2,1.0,2023-01-15,"Greenfield International Stadium, Thiruvananthapuram",Thiruvananthapuram,Won,4505,Sri Lanka tour of India,V Kohli,Sri Lanka,India
SS Iyer,2,6,0,1.0,2.0,0.0,2023-01-15,"Greenfield International Stadium, Thiruvananthapuram",Thiruvananthapuram,Won,4505,Sri Lanka tour of India,V Kohli,Sri Lanka,India
HH Pandya,70,42,1,7.0,10.0,0.0,2023-01-18,"Rajiv Gandhi International Stadium, Uppal, Hyderabad",Hyderabad,Won,4507,New Zealand tour of India,Shubman Gill,New Zealand,India
Kuldeep Yadav,43,48,2,8.0,5.38,1.0,2023-01-18,"Rajiv Gandhi International Stadium, Uppal, Hyderabad",Hyderabad,Won,4507,New Zealand tour of India,Shubman Gill,New Zealand,India
Mohammed Shami,69,60,1,10.0,6.9,1.0,2023-01-18,"Rajiv Gandhi International Stadium, Uppal, Hyderabad",Hyderabad,Won,4507,New Zealand tour of India,Shubman Gill,New Zealand,India
Mohammed Siraj,46,60,4,10.0,4.6,2.0,2023-01-18,"Rajiv Gandhi International Stadium, Uppal, Hyderabad",Hyderabad,Won,4507,New Zealand tour of India,Shubman Gill,New Zealand,India
SN Thakur,54,44,2,7.2,7.36,0.0,2023-01-18,"Rajiv Gandhi International Stadium, Uppal, Hyderabad",Hyderabad,Won,4507,New Zealand tour of India,Shubman Gill,New Zealand,India
Washington Sundar,50,42,0,7.0,7.14,0.0,2023-01-18,"Rajiv Gandhi International Stadium, Uppal, Hyderabad",Hyderabad,Won,4507,New Zealand tour of India,Shubman Gill,New Zealand,India
HH Pandya,16,36,2,6.0,2.67,3.0,2023-01-21,"Shaheed Veer Narayan Singh International Stadium, Raipur",Raipur,Won,4509,New Zealand tour of India,Mohammed Shami,New Zealand,India
Kuldeep Yadav,29,45,1,7.3,3.87,0.0,2023-01-21,"Shaheed Veer Narayan Singh International Stadium, Raipur",Raipur,Won,4509,New Zealand tour of India,Mohammed Shami,New Zealand,India
Mohammed Shami,18,36,3,6.0,3.0,1.0,2023-01-21,"Shaheed Veer Narayan Singh International Stadium, Raipur",Raipur,Won,4509,New Zealand tour of India,Mohammed Shami,New Zealand,India
Mohammed Siraj,10,36,1,6.0,1.67,1.0,2023-01-21,"Shaheed Veer Narayan Singh International Stadium, Raipur",Raipur,Won,4509,New Zealand tour of India,Mohammed Shami,New Zealand,India
SN Thakur,26,36,1,6.0,4.33,1.0,2023-01-21,"Shaheed Veer Narayan Singh International Stadium, Raipur",Raipur,Won,4509,New Zealand tour of India,Mohammed Shami,New Zealand,India
Washington Sundar,7,18,2,3.0,2.33,1.0,2023-01-21,"Shaheed Veer Narayan Singh International Stadium, Raipur",Raipur,Won,4509,New Zealand tour of India,Mohammed Shami,New Zealand,India
HH Pandya,37,36,1,6.0,6.17,0.0,2023-01-24,"Holkar Cricket Stadium, Indore",Indore,Won,4511,New Zealand tour of India,SN Thakur,New Zealand,New Zealand
Kuldeep Yadav,62,54,3,9.0,6.89,0.0,2023-01-24,"Holkar Cricket Stadium, Indore",Indore,Won,4511,New Zealand tour of India,SN Thakur,New Zealand,New Zealand
SN Thakur,45,36,3,6.0,7.5,0.0,2023-01-24,"Holkar Cricket Stadium, Indore",Indore,Won,4511,New Zealand tour of India,SN Thakur,New Zealand,New Zealand
Umran Malik,52,42,1,7.0,7.43,0.0,2023-01-24,"Holkar Cricket Stadium, Indore",Indore,Won,4511,New Zealand tour of India,SN Thakur,New Zealand,New Zealand
Washington Sundar,49,36,0,6.0,8.17,0.0,2023-01-24,"Holkar Cricket Stadium, Indore",Indore,Won,4511,New Zealand tour of India,SN Thakur,New Zealand,New Zealand
YS Chahal,43,44,2,7.2,5.86,1.0,2023-01-24,"Holkar Cricket Stadium, Indore",Indore,Won,4511,New Zealand tour of India,SN Thakur,New Zealand,New Zealand
HH Pandya,29,30,1,5.0,5.8,0.0,2023-03-17,"Wankhede Stadium, Mumbai",Mumbai,Won,4538,Australia tour of India,RA Jadeja,Australia,India
Kuldeep Yadav,48,48,1,8.0,6.0,1.0,2023-03-17,"Wankhede Stadium, Mumbai",Mumbai,Won,4538,Australia tour of India,RA Jadeja,Australia,India
Mohammed Shami,17,36,3,6.0,2.83,2.0,2023-03-17,"Wankhede Stadium, Mumbai",Mumbai,Won,4538,Australia tour of India,RA Jadeja,Australia,India
Mohammed Siraj,29,34,3,5.4,5.12,2.0,2023-03-17,"Wankhede Stadium, Mumbai",Mumbai,Won,4538,Australia tour of India,RA Jadeja,Australia,India
RA Jadeja,46,54,2,9.0,5.11,0.0,2023-03-17,"Wankhede Stadium, Mumbai",Mumbai,Won,4538,Australia tour of India,RA Jadeja,Australia,India
SN Thakur,12,12,0,2.0,6.0,0.0,2023-03-17,"Wankhede Stadium, Mumbai",Mumbai,Won,4538,Australia tour of India,RA Jadeja,Australia,India
AR Patel,25,18,0,3.0,8.33,0.0,2023-03-19,"Dr. Y.S. Rajasekhara Reddy ACA-VDCA Cricket Stadium, Visakhapatnam",Visakhapatnam,Lost,4541,Australia tour of India,MA Starc,Australia,Australia
HH Pandya,18,6,0,1.0,18.0,0.0,2023-03-19,"Dr. Y.S. Rajasekhara Reddy ACA-VDCA Cricket Stadium, Visakhapatnam",Visakhapatnam,Lost,4541,Australia tour of India,MA Starc,Australia,Australia
Kuldeep Yadav,12,6,0,1.0,12.0,0.0,2023-03-19,"Dr. Y.S. Rajasekhara Reddy ACA-VDCA Cricket Stadium, Visakhapatnam",Visakhapatnam,Lost,4541,Australia tour of India,MA Starc,Australia,Australia
Mohammed Shami,29,18,0,3.0,9.67,0.0,2023-03-19,"Dr. Y.S. Rajasekhara Reddy ACA-VDCA Cricket Stadium, Visakhapatnam",Visakhapatnam,Lost,4541,Australia tour of India,MA Starc,Australia,Australia
Mohammed Siraj,37,18,0,3.0,12.33,0.0,2023-03-19,"Dr. Y.S. Rajasekhara Reddy ACA-VDCA Cricket Stadium, Visakhapatnam",Visakhapatnam,Lost,4541,Australia tour of India,MA Starc,Australia,Australia
AR Patel,57,48,2,8.0,7.12,0.0,2023-03-22,"MA Chidambaram Stadium, Chepauk, Chennai",Chennai,Lost,4545,Australia tour of India,A Zampa,Australia,Australia
HH Pandya,44,48,3,8.0,5.5,0.0,2023-03-22,"MA Chidambaram Stadium, Chepauk, Chennai",Chennai,Lost,4545,Australia tour of India,A Zampa,Australia,Australia
Kuldeep Yadav,56,60,3,10.0,5.6,1.0,2023-03-22,"MA Chidambaram Stadium, Chepauk, Chennai",Chennai,Lost,4545,Australia tour of India,A Zampa,Australia,Australia
Mohammed Shami,37,36,0,6.0,6.17,0.0,2023-03-22,"MA Chidambaram Stadium, Chepauk, Chennai",Chennai,Lost,4545,Australia tour of India,A Zampa,Australia,Australia
Mohammed Siraj,37,42,2,7.0,5.29,1.0,2023-03-22,"MA Chidambaram Stadium, Chepauk, Chennai",Chennai,Lost,4545,Australia tour of India,A Zampa,Australia,Australia
RA Jadeja,34,60,0,10.0,3.4,0.0,2023-03-22,"MA Chidambaram Stadium, Chepauk, Chennai",Chennai,Lost,4545,Australia tour of India,A Zampa,Australia,Australia
HH Pandya,17,18,1,3.0,5.67,0.0,2023-07-27,"Kensington Oval, Bridgetown, Barbados",Bridgetown,Won,4622,India tour of West Indies,Kuldeep Yadav,West Indies,India
Kuldeep Yadav,6,18,4,3.0,2.0,2.0,2023-07-27,"Kensington Oval, Bridgetown, Barbados",Bridgetown,Won,4622,India tour of West Indies,Kuldeep Yadav,West Indies,India
Mukesh Kumar,22,30,1,5.0,4.4,1.0,2023-07-27,"Kensington Oval, Bridgetown, Barbados",Bridgetown,Won,4622,India tour of West Indies,Kuldeep Yadav,West Indies,India
RA Jadeja,37,36,3,6.0,6.17,0.0,2023-07-27,"Kensington Oval, Bridgetown, Barbados",Bridgetown,Won,4622,India tour of West Indies,Kuldeep Yadav,West Indies,India
SN Thakur,14,18,1,3.0,4.67,1.0,2023-07-27,"Kensington Oval, Bridgetown, Barbados",Bridgetown,Won,4622,India tour of West Indies,Kuldeep Yadav,West Indies,India
Umran Malik,17,18,0,3.0,5.67,0.0,2023-07-27,"Kensington Oval, Bridgetown, Barbados",Bridgetown,Won,4622,India tour of West Indies,Kuldeep Yadav,West Indies,India
AR Patel,4,12,0,2.0,2.0,1.0,2023-07-29,"Kensington Oval, Bridgetown, Barbados",Bridgetown,Lost,4623,India tour of West Indies and United States of America,SD Hope,West Indies,West Indies
HH Pandya,38,40,0,6.4,5.7,0.0,2023-07-29,"Kensington Oval, Bridgetown, Barbados",Bridgetown,Lost,4623,India tour of West Indies and United States of America,SD Hope,West Indies,West Indies
Kuldeep Yadav,30,48,1,8.0,3.75,0.0,2023-07-29,"Kensington Oval, Bridgetown, Barbados",Bridgetown,Lost,4623,India tour of West Indies and United States of America,SD Hope,West Indies,West Indies
Mukesh Kumar,17,18,0,3.0,5.67,0.0,2023-07-29,"Kensington Oval, Bridgetown, Barbados",Bridgetown,Lost,4623,India tour of West Indies and United States of America,SD Hope,West Indies,West Indies
RA Jadeja,24,36,0,6.0,4.0,0.0,2023-07-29,"Kensington Oval, Bridgetown, Barbados",Bridgetown,Lost,4623,India tour of West Indies and United States of America,SD Hope,West Indies,West Indies
SN Thakur,42,48,3,8.0,5.25,0.0,2023-07-29,"Kensington Oval, Bridgetown, Barbados",Bridgetown,Lost,4623,India tour of West Indies and United States of America,SD Hope,West Indies,West Indies
Umran Malik,27,18,0,3.0,9.0,0.0,2023-07-29,"Kensington Oval, Bridgetown, Barbados",Bridgetown,Lost,4623,India tour of West Indies and United States of America,SD Hope,West Indies,West Indies
HH Pandya,13,24,0,4.0,3.25,1.0,2023-08-01,"Brian Lara Stadium, Tarouba, Trinidad",Tarouba,Won,4624,India tour of West Indies and United States of America,Shubman Gill,West Indies,West Indies
JD Unadkat,16,30,1,5.0,3.2,0.0,2023-08-01,"Brian Lara Stadium, Tarouba, Trinidad",Tarouba,Won,4624,India tour of West Indies and United States of America,Shubman Gill,West Indies,West Indies
Kuldeep Yadav,25,48,2,8.0,3.12,3.0,2023-08-01,"Brian Lara Stadium, Tarouba, Trinidad",Tarouba,Won,4624,India tour of West Indies and United States of America,Shubman Gill,West Indies,West Indies
Mukesh Kumar,30,42,3,7.0,4.29,1.0,2023-08-01,"Brian Lara Stadium, Tarouba, Trinidad",Tarouba,Won,4624,India tour of West Indies and United States of America,Shubman Gill,West Indies,West Indies
RA Jadeja,29,30,0,5.0,5.8,1.0,2023-08-01,"Brian Lara Stadium, Tarouba, Trinidad",Tarouba,Won,4624,India tour of West Indies and United States of America,Shubman Gill,West Indies,West Indies
SN Thakur,37,39,4,6.3,5.69,0.0,2023-08-01,"Brian Lara Stadium, Tarouba, Trinidad",Tarouba,Won,4624,India tour of West Indies and United States of America,Shubman Gill,West Indies,West Indies
HH Pandya,28,18,1,3.0,9.33,0.0,2023-10-08,"MA Chidambaram Stadium, Chepauk, Chennai",Chennai,Won,4662,ICC Cricket World Cup,KL Rahul,Australia,Australia
JJ Bumrah,35,60,2,10.0,3.5,0.0,2023-10-08,"MA Chidambaram Stadium, Chepauk, Chennai",Chennai,Won,4662,ICC Cricket World Cup,KL Rahul,Australia,Australia
Kuldeep Yadav,42,60,2,10.0,4.2,0.0,2023-10-08,"MA Chidambaram Stadium, Chepauk, Chennai",Chennai,Won,4662,ICC Cricket World Cup,KL Rahul,Australia,Australia
Mohammed Siraj,26,39,1,6.3,4.0,1.0,2023-10-08,"MA Chidambaram Stadium, Chepauk, Chennai",Chennai,Won,4662,ICC Cricket World Cup,KL Rahul,Australia,Australia
R Ashwin,34,60,1,10.0,3.4,1.0,2023-10-08,"MA Chidambaram Stadium, Chepauk, Chennai",Chennai,Won,4662,ICC Cricket World Cup,KL Rahul,Australia,Australia
RA Jadeja,28,60,3,10.0,2.8,1.0,2023-10-08,"MA Chidambaram Stadium, Chepauk, Chennai",Chennai,Won,4662,ICC Cricket World Cup,KL Rahul,Australia,Australia
HH Pandya,34,36,2,6.0,5.67,0.0,2023-10-14,"Narendra Modi Stadium, Ahmedabad",Ahmedabad,Won,4669,ICC Cricket World Cup,JJ Bumrah,Pakistan,India
JJ Bumrah,19,42,2,7.0,2.71,1.0,2023-10-14,"Narendra Modi Stadium, Ahmedabad",Ahmedabad,Won,4669,ICC Cricket World Cup,JJ Bumrah,Pakistan,India
Kuldeep Yadav,35,60,2,10.0,3.5,0.0,2023-10-14,"Narendra Modi Stadium, Ahmedabad",Ahmedabad,Won,4669,ICC Cricket World Cup,JJ Bumrah,Pakistan,India
Mohammed Siraj,50,48,2,8.0,6.25,0.0,2023-10-14,"Narendra Modi Stadium, Ahmedabad",Ahmedabad,Won,4669,ICC Cricket World Cup,JJ Bumrah,Pakistan,India
RA Jadeja,38,59,2,9.5,3.86,0.0,2023-10-14,"Narendra Modi Stadium, Ahmedabad",Ahmedabad,Won,4669,ICC Cricket World Cup,JJ Bumrah,Pakistan,India
SN Thakur,12,12,0,2.0,6.0,0.0,2023-10-14,"Narendra Modi Stadium, Ahmedabad",Ahmedabad,Won,4669,ICC Cricket World Cup,JJ Bumrah,Pakistan,India
HH Pandya,8,3,0,0.3,16.0,0.0,2023-10-19,"Maharashtra Cricket Association Stadium, Pune",Pune,Won,4674,ICC Cricket World Cup,V Kohli,Bangladesh,Bangladesh
JJ Bumrah,41,60,2,10.0,4.1,1.0,2023-10-19,"Maharashtra Cricket Association Stadium, Pune",Pune,Won,4674,ICC Cricket World Cup,V Kohli,Bangladesh,Bangladesh
Kuldeep Yadav,47,60,1,10.0,4.7,0.0,2023-10-19,"Maharashtra Cricket Association Stadium, Pune",Pune,Won,4674,ICC Cricket World Cup,V Kohli,Bangladesh,Bangladesh
Mohammed Siraj,60,60,2,10.0,6.0,0.0,2023-10-19,"Maharashtra Cricket Association Stadium, Pune",Pune,Won,4674,ICC Cricket World Cup,V Kohli,Bangladesh,Bangladesh
RA Jadeja,38,60,2,10.0,3.8,0.0,2023-10-19,"Maharashtra Cricket Association Stadium, Pune",Pune,Won,4674,ICC Cricket World Cup,V Kohli,Bangladesh,Bangladesh
SN Thakur,59,54,1,9.0,6.56,0.0,2023-10-19,"Maharashtra Cricket Association Stadium, Pune",Pune,Won,4674,ICC Cricket World Cup,V Kohli,Bangladesh,Bangladesh
V Kohli,2,3,0,0.3,4.0,,2023-10-19,"Maharashtra Cricket Association Stadium, Pune",Pune,Won,4674,ICC Cricket World Cup,V Kohli,Bangladesh,Bangladesh
JJ Bumrah,45,60,1,10.0,4.5,1.0,2023-10-22,"Himachal Pradesh Cricket Association Stadium, Dharamsala",Dharamsala,Won,4678,ICC Cricket World Cup,Mohammed Shami,New Zealand,India
Kuldeep Yadav,73,60,2,10.0,7.3,0.0,2023-10-22,"Himachal Pradesh Cricket Association Stadium, Dharamsala",Dharamsala,Won,4678,ICC Cricket World Cup,Mohammed Shami,New Zealand,India
Mohammed Shami,54,60,5,10.0,5.4,0.0,2023-10-22,"Himachal Pradesh Cricket Association Stadium, Dharamsala",Dharamsala,Won,4678,ICC Cricket World Cup,Mohammed Shami,New Zealand,India
Mohammed Siraj,45,60,1,10.0,4.5,1.0,2023-10-22,"Himachal Pradesh Cricket Association Stadium, Dharamsala",Dharamsala,Won,4678,ICC Cricket World Cup,Mohammed Shami,New Zealand,India
RA Jadeja,48,60,0,10.0,4.8,0.0,2023-10-22,"Himachal Pradesh Cricket Association Stadium, Dharamsala",Dharamsala,Won,4678,ICC Cricket World Cup,Mohammed Shami,New Zealand,India
JJ Bumrah,32,41,3,6.5,4.68,1.0,2023-10-29,"Bharat Ratna Shri Atal Bihari Vajpayee Ekana Cricket Stadium, Lucknow",Lucknow,Won,4686,ICC Cricket World Cup,RG Sharma,England,England
Kuldeep Yadav,24,48,2,8.0,3.0,0.0,2023-10-29,"Bharat Ratna Shri Atal Bihari Vajpayee Ekana Cricket Stadium, Lucknow",Lucknow,Won,4686,ICC Cricket World Cup,RG Sharma,England,England
Mohammed Shami,22,42,4,7.0,3.14,2.0,2023-10-29,"Bharat Ratna Shri Atal Bihari Vajpayee Ekana Cricket Stadium, Lucknow",Lucknow,Won,4686,ICC Cricket World Cup,RG Sharma,England,England
Mohammed Siraj,33,36,0,6.0,5.5,0.0,2023-10-29,"Bharat Ratna Shri Atal Bihari Vajpayee Ekana Cricket Stadium, Lucknow",Lucknow,Won,4686,ICC Cricket World Cup,RG Sharma,England,England
RA Jadeja,16,42,1,7.0,2.29,1.0,2023-10-29,"Bharat Ratna Shri Atal Bihari Vajpayee Ekana Cricket Stadium, Lucknow",Lucknow,Won,4686,ICC Cricket World Cup,RG Sharma,England,England
JJ Bumrah,8,30,1,5.0,1.6,1.0,2023-11-02,"Wankhede Stadium, Mumbai",Mumbai,Won,4690,ICC Cricket World Cup,Mohammed Shami,Sri Lanka,Sri Lanka
Kuldeep Yadav,3,12,0,2.0,1.5,0.0,2023-11-02,"Wankhede Stadium, Mumbai",Mumbai,Won,4690,ICC Cricket World Cup,Mohammed Shami,Sri Lanka,Sri Lanka
Mohammed Shami,18,30,5,5.0,3.6,1.0,2023-11-02,"Wankhede Stadium, Mumbai",Mumbai,Won,4690,ICC Cricket World Cup,Mohammed Shami,Sri Lanka,Sri Lanka
Mohammed Siraj,16,42,3,7.0,2.29,2.0,2023-11-02,"Wankhede Stadium, Mumbai",Mumbai,Won,4690,ICC Cricket World Cup,Mohammed Shami,Sri Lanka,Sri Lanka
RA Jadeja,4,4,1,0.4,6.0,0.0,2023-11-02,"Wankhede Stadium, Mumbai",Mumbai,Won,4690,ICC Cricket World Cup,Mohammed Shami,Sri Lanka,Sri Lanka
JJ Bumrah,14,30,0,5.0,2.8,0.0,2023-11-05,"Eden Gardens, Kolkata",Kolkata,Won,4694,ICC Cricket World Cup,V Kohli,South Africa,India
Kuldeep Yadav,7,31,2,5.1,1.35,2.0,2023-11-05,"Eden Gardens, Kolkata",Kolkata,Won,4694,ICC Cricket World Cup,V Kohli,South Africa,India
Mohammed Shami,18,24,2,4.0,4.5,0.0,2023-11-05,"Eden Gardens, Kolkata",Kolkata,Won,4694,ICC Cricket World Cup,V Kohli,South Africa,India
Mohammed Siraj,11,24,1,4.0,2.75,1.0,2023-11-05,"Eden Gardens, Kolkata",Kolkata,Won,4694,ICC Cricket World Cup,V Kohli,South Africa,India
RA Jadeja,33,54,5,9.0,3.67,1.0,2023-11-05,"Eden Gardens, Kolkata",Kolkata,Won,4694,ICC Cricket World Cup,V Kohli,South Africa,India
JJ Bumrah,33,54,2,9.0,3.67,1.0,2023-11-12,"M Chinnaswamy Stadium, Bengaluru",Bengaluru,Won,4702,ICC Cricket World Cup,SS Iyer,Netherlands,India
Kuldeep Yadav,41,60,2,10.0,4.1,1.0,2023-11-12,"M Chinnaswamy Stadium, Bengaluru",Bengaluru,Won,4702,ICC Cricket World Cup,SS Iyer,Netherlands,India
Mohammed Shami,41,36,0,6.0,6.83,0.0,2023-11-12,"M Chinnaswamy Stadium, Bengaluru",Bengaluru,Won,4702,ICC Cricket World Cup,SS Iyer,Netherlands,India
Mohammed Siraj,29,36,2,6.0,4.83,1.0,2023-11-12,"M Chinnaswamy Stadium, Bengaluru",Bengaluru,Won,4702,ICC Cricket World Cup,SS Iyer,Netherlands,India
RA Jadeja,49,54,2,9.0,5.44,0.0,2023-11-12,"M Chinnaswamy Stadium, Bengaluru",Bengaluru,Won,4702,ICC Cricket World Cup,SS Iyer,Netherlands,India
RG Sharma,7,5,1,0.5,8.4,0.0,2023-11-12,"M Chinnaswamy Stadium, Bengaluru",Bengaluru,Won,4702,ICC Cricket World Cup,SS Iyer,Netherlands,India
SA Yadav,17,12,0,2.0,8.5,0.0,2023-11-12,"M Chinnaswamy Stadium, Bengaluru",Bengaluru,Won,4702,ICC Cricket World Cup,SS Iyer,Netherlands,India
Shubman Gill,11,12,0,2.0,5.5,0.0,2023-11-12,"M Chinnaswamy Stadium, Bengaluru",Bengaluru,Won,4702,ICC Cricket World Cup,SS Iyer,Netherlands,India
V Kohli,13,18,1,3.0,4.33,0.0,2023-11-12,"M Chinnaswamy Stadium, Bengaluru",Bengaluru,Won,4702,ICC Cricket World Cup,SS Iyer,Netherlands,India
JJ Bumrah,64,60,1,10.0,6.4,1.0,2023-11-15,"Wankhede Stadium, Mumbai",Mumbai,Won,4703,ICC Cricket World Cup,Mohammed Shami,New Zealand,India
Kuldeep Yadav,56,60,1,10.0,5.6,0.0,2023-11-15,"Wankhede Stadium, Mumbai",Mumbai,Won,4703,ICC Cricket World Cup,Mohammed Shami,New Zealand,India
Mohammed Shami,57,59,7,9.5,5.8,0.0,2023-11-15,"Wankhede Stadium, Mumbai",Mumbai,Won,4703,ICC Cricket World Cup,Mohammed Shami,New Zealand,India
Mohammed Siraj,78,54,1,9.0,8.67,0.0,2023-11-15,"Wankhede Stadium, Mumbai",Mumbai,Won,4703,ICC Cricket World Cup,Mohammed Shami,New Zealand,India
RA Jadeja,63,60,0,10.0,6.3,0.0,2023-11-15,"Wankhede Stadium, Mumbai",Mumbai,Won,4703,ICC Cricket World Cup,Mohammed Shami,New Zealand,India
JJ Bumrah,43,54,2,9.0,4.78,1.0,2023-11-19,"Narendra Modi Stadium, Ahmedabad",Ahmedabad,Lost,4705,ICC Cricket World Cup,TM Head,Australia,Australia
Kuldeep Yadav,56,60,0,10.0,5.6,0.0,2023-11-19,"Narendra Modi Stadium, Ahmedabad",Ahmedabad,Lost,4705,ICC Cricket World Cup,TM Head,Australia,Australia
Mohammed Shami,47,42,1,7.0,6.71,1.0,2023-11-19,"Narendra Modi Stadium, Ahmedabad",Ahmedabad,Lost,4705,ICC Cricket World Cup,TM Head,Australia,Australia
Mohammed Siraj,45,42,1,7.0,6.43,0.0,2023-11-19,"Narendra Modi Stadium, Ahmedabad",Ahmedabad,Lost,4705,ICC Cricket World Cup,TM Head,Australia,Australia
RA Jadeja,43,60,0,10.0,4.3,0.0,2023-11-19,"Narendra Modi Stadium, Ahmedabad",Ahmedabad,Lost,4705,ICC Cricket World Cup,TM Head,Australia,Australia
Arshdeep Singh,37,60,5,10.0,3.7,0.0,2023-12-17,"The Wanderers Stadium, Johannesburg",Johannesburg,Won,4713,India tour of South Africa,Arshdeep Singh,South Africa,South Africa
Avesh Khan,27,48,4,8.0,3.38,3.0,2023-12-17,"The Wanderers Stadium, Johannesburg",Johannesburg,Won,4713,India tour of South Africa,Arshdeep Singh,South Africa,South Africa
Kuldeep Yadav,3,15,1,2.3,1.2,1.0,2023-12-17,"The Wanderers Stadium, Johannesburg",Johannesburg,Won,4713,India tour of South Africa,Arshdeep Singh,South Africa,South Africa
Mukesh Kumar,46,42,0,7.0,6.57,0.0,2023-12-17,"The Wanderers Stadium, Johannesburg",Johannesburg,Won,4713,India tour of South Africa,Arshdeep Singh,South Africa,South Africa
AR Patel,22,36,0,6.0,3.67,0.0,2023-12-19,"St George's Park, Gqeberha",Gqeberha,Lost,4714,India tour of South Africa,T de Zorzi,South Africa,South Africa
Arshdeep Singh,28,48,1,8.0,3.5,0.0,2023-12-19,"St George's Park, Gqeberha",Gqeberha,Lost,4714,India tour of South Africa,T de Zorzi,South Africa,South Africa
Avesh Khan,43,48,0,8.0,5.38,0.0,2023-12-19,"St George's Park, Gqeberha",Gqeberha,Lost,4714,India tour of South Africa,T de Zorzi,South Africa,South Africa
B Sai Sudharsan,8,3,0,0.3,16.0,0.0,2023-12-19,"St George's Park, Gqeberha",Gqeberha,Lost,4714,India tour of South Africa,T de Zorzi,South Africa,South Africa
Kuldeep Yadav,48,48,0,8.0,6.0,0.0,2023-12-19,"St George's Park, Gqeberha",Gqeberha,Lost,4714,India tour of South Africa,T de Zorzi,South Africa,South Africa
Mukesh Kumar,46,48,0,8.0,5.75,2.0,2023-12-19,"St George's Park, Gqeberha",Gqeberha,Lost,4714,India tour of South Africa,T de Zorzi,South Africa,South Africa
RK Singh,2,6,1,1.0,2.0,0.0,2023-12-19,"St George's Park, Gqeberha",Gqeberha,Lost,4714,India tour of South Africa,T de Zorzi,South Africa,South Africa
Tilak Varma,18,18,0,3.0,6.0,0.0,2023-12-19,"St George's Park, Gqeberha",Gqeberha,Lost,4714,India tour of South Africa,T de Zorzi,South Africa,South Africa
AR Patel,48,60,1,10.0,4.8,0.0,2023-12-21,"Boland Park, Paarl",Paarl,Won,4716,India tour of South Africa,SV Samson,South Africa,South Africa
Arshdeep Singh,30,54,4,9.0,3.33,1.0,2023-12-21,"Boland Park, Paarl",Paarl,Won,4716,India tour of South Africa,SV Samson,South Africa,South Africa
Avesh Khan,45,47,2,7.5,5.74,0.0,2023-12-21,"Boland Park, Paarl",Paarl,Won,4716,India tour of South Africa,SV Samson,South Africa,South Africa
Mukesh Kumar,56,54,1,9.0,6.22,0.0,2023-12-21,"Boland Park, Paarl",Paarl,Won,4716,India tour of South Africa,SV Samson,South Africa,South Africa
Washington Sundar,38,60,2,10.0,3.8,0.0,2023-12-21,"Boland Park, Paarl",Paarl,Won,4716,India tour of South Africa,SV Samson,South Africa,South Africa
HH Pandya,34,48,1,8.0,4.25,3.0,2023-09-04,Pallekele International Cricket Stadium,Kandy,Won,4632,Asia Cup,RG Sharma,Nepal,India
Kuldeep Yadav,34,60,0,10.0,3.4,2.0,2023-09-04,Pallekele International Cricket Stadium,Kandy,Won,4632,Asia Cup,RG Sharma,Nepal,India
Mohammed Shami,29,42,1,7.0,4.14,0.0,2023-09-04,Pallekele International Cricket Stadium,Kandy,Won,4632,Asia Cup,RG Sharma,Nepal,India
Mohammed Siraj,61,56,3,9.2,6.54,0.0,2023-09-04,Pallekele International Cricket Stadium,Kandy,Won,4632,Asia Cup,RG Sharma,Nepal,India
RA Jadeja,40,60,3,10.0,4.0,0.0,2023-09-04,Pallekele International Cricket Stadium,Kandy,Won,4632,Asia Cup,RG Sharma,Nepal,India
SN Thakur,26,24,1,4.0,6.5,0.0,2023-09-04,Pallekele International Cricket Stadium,Kandy,Won,4632,Asia Cup,RG Sharma,Nepal,India
HH Pandya,17,30,1,5.0,3.4,0.0,2023-09-10,"R Premadasa Stadium, Colombo",Colombo,Won,4639,Asia Cup,V Kohli,Pakistan,Pakistan
JJ Bumrah,18,30,1,5.0,3.6,1.0,2023-09-10,"R Premadasa Stadium, Colombo",Colombo,Won,4639,Asia Cup,V Kohli,Pakistan,Pakistan
Kuldeep Yadav,25,48,5,8.0,3.12,0.0,2023-09-10,"R Premadasa Stadium, Colombo",Colombo,Won,4639,Asia Cup,V Kohli,Pakistan,Pakistan
Mohammed Siraj,23,30,0,5.0,4.6,0.0,2023-09-10,"R Premadasa Stadium, Colombo",Colombo,Won,4639,Asia Cup,V Kohli,Pakistan,Pakistan
RA Jadeja,26,30,0,5.0,5.2,0.0,2023-09-10,"R Premadasa Stadium, Colombo",Colombo,Won,4639,Asia Cup,V Kohli,Pakistan,Pakistan
SN Thakur,16,24,1,4.0,4.0,0.0,2023-09-10,"R Premadasa Stadium, Colombo",Colombo,Won,4639,Asia Cup,V Kohli,Pakistan,Pakistan
AR Patel,29,30,0,5.0,5.8,0.0,2023-09-12,"R Premadasa Stadium, Colombo",Colombo,Won,4641,Asia Cup,DN Wellalage,Sri Lanka,India
HH Pandya,14,30,1,5.0,2.8,0.0,2023-09-12,"R Premadasa Stadium, Colombo",Colombo,Won,4641,Asia Cup,DN Wellalage,Sri Lanka,India
JJ Bumrah,30,42,2,7.0,4.29,1.0,2023-09-12,"R Premadasa Stadium, Colombo",Colombo,Won,4641,Asia Cup,DN Wellalage,Sri Lanka,India
Kuldeep Yadav,43,57,4,9.3,4.53,1.0,2023-09-12,"R Premadasa Stadium, Colombo",Colombo,Won,4641,Asia Cup,DN Wellalage,Sri Lanka,India
Mohammed Siraj,17,30,1,5.0,3.4,2.0,2023-09-12,"R Premadasa Stadium, Colombo",Colombo,Won,4641,Asia Cup,DN Wellalage,Sri Lanka,India
RA Jadeja,33,60,2,10.0,3.3,0.0,2023-09-12,"R Premadasa Stadium, Colombo",Colombo,Won,4641,Asia Cup,DN Wellalage,Sri Lanka,India
AR Patel,47,54,1,9.0,5.22,0.0,2023-09-15,"R Premadasa Stadium, Colombo",Colombo,Lost,4645,Asia Cup,Shakib Al Hasan,Bangladesh,India
M Prasidh Krishna,43,54,1,9.0,4.78,0.0,2023-09-15,"R Premadasa Stadium, Colombo",Colombo,Lost,4645,Asia Cup,Shakib Al Hasan,Bangladesh,India
Mohammed Shami,32,48,2,8.0,4.0,1.0,2023-09-15,"R Premadasa Stadium, Colombo",Colombo,Lost,4645,Asia Cup,Shakib Al Hasan,Bangladesh,India
RA Jadeja,53,60,1,10.0,5.3,1.0,2023-09-15,"R Premadasa Stadium, Colombo",Colombo,Lost,4645,Asia Cup,Shakib Al Hasan,Bangladesh,India
SN Thakur,65,60,3,10.0,6.5,0.0,2023-09-15,"R Premadasa Stadium, Colombo",Colombo,Lost,4645,Asia Cup,Shakib Al Hasan,Bangladesh,India
Tilak Varma,21,24,0,4.0,5.25,0.0,2023-09-15,"R Premadasa Stadium, Colombo",Colombo,Lost,4645,Asia Cup,Shakib Al Hasan,Bangladesh,India
HH Pandya,3,14,3,2.2,1.29,1.0,2023-09-17,"R Premadasa Stadium, Colombo",Colombo,Won,4649,Asia Cup,Mohammed Siraj,Sri Lanka,Sri Lanka
JJ Bumrah,23,30,1,5.0,4.6,1.0,2023-09-17,"R Premadasa Stadium, Colombo",Colombo,Won,4649,Asia Cup,Mohammed Siraj,Sri Lanka,Sri Lanka
Kuldeep Yadav,1,6,0,1.0,1.0,0.0,2023-09-17,"R Premadasa Stadium, Colombo",Colombo,Won,4649,Asia Cup,Mohammed Siraj,Sri Lanka,Sri Lanka
Mohammed Siraj,21,42,6,7.0,3.0,1.0,2023-09-17,"R Premadasa Stadium, Colombo",Colombo,Won,4649,Asia Cup,Mohammed Siraj,Sri Lanka,Sri Lanka
JJ Bumrah,43,60,1,10.0,4.3,2.0,2023-09-22,"Punjab Cricket Association IS Bindra Stadium, Mohali, Chandigarh",Chandigarh,Won,4651,Australia tour of India,Mohammed Shami,Australia,India
Mohammed Shami,51,60,5,10.0,5.1,0.0,2023-09-22,"Punjab Cricket Association IS Bindra Stadium, Mohali, Chandigarh",Chandigarh,Won,4651,Australia tour of India,Mohammed Shami,Australia,India
R Ashwin,47,60,1,10.0,4.7,0.0,2023-09-22,"Punjab Cricket Association IS Bindra Stadium, Mohali, Chandigarh",Chandigarh,Won,4651,Australia tour of India,Mohammed Shami,Australia,India
RA Jadeja,51,60,1,10.0,5.1,0.0,2023-09-22,"Punjab Cricket Association IS Bindra Stadium, Mohali, Chandigarh",Chandigarh,Won,4651,Australia tour of India,Mohammed Shami,Australia,India
SN Thakur,78,60,0,10.0,7.8,0.0,2023-09-22,"Punjab Cricket Association IS Bindra Stadium, Mohali, Chandigarh",Chandigarh,Won,4651,Australia tour of India,Mohammed Shami,Australia,India
M Prasidh Krishna,56,36,2,6.0,9.33,0.0,2023-09-24,"Holkar Cricket Stadium, Indore",Indore,Won,4654,Australia tour of India,SS Iyer,Australia,Australia
Mohammed Shami,39,36,1,6.0,6.5,0.0,2023-09-24,"Holkar Cricket Stadium, Indore",Indore,Won,4654,Australia tour of India,SS Iyer,Australia,Australia
R Ashwin,41,42,3,7.0,5.86,0.0,2023-09-24,"Holkar Cricket Stadium, Indore",Indore,Won,4654,Australia tour of India,SS Iyer,Australia,Australia
RA Jadeja,42,32,3,5.2,7.88,1.0,2023-09-24,"Holkar Cricket Stadium, Indore",Indore,Won,4654,Australia tour of India,SS Iyer,Australia,Australia
SN Thakur,35,24,0,4.0,8.75,0.0,2023-09-24,"Holkar Cricket Stadium, Indore",Indore,Won,4654,Australia tour of India,SS Iyer,Australia,Australia
JJ Bumrah,81,60,3,10.0,8.1,0.0,2023-09-27,"Saurashtra Cricket Association Stadium, Rajkot",Rajkot,Lost,4657,Australia tour of India,GJ Maxwell,Australia,Australia
Kuldeep Yadav,48,36,2,6.0,8.0,0.0,2023-09-27,"Saurashtra Cricket Association Stadium, Rajkot",Rajkot,Lost,4657,Australia tour of India,GJ Maxwell,Australia,Australia
M Prasidh Krishna,45,30,1,5.0,9.0,0.0,2023-09-27,"Saurashtra Cricket Association Stadium, Rajkot",Rajkot,Lost,4657,Australia tour of India,GJ Maxwell,Australia,Australia
Mohammed Siraj,68,54,1,9.0,7.56,0.0,2023-09-27,"Saurashtra Cricket Association Stadium, Rajkot",Rajkot,Lost,4657,Australia tour of India,GJ Maxwell,Australia,Australia
RA Jadeja,61,60,0,10.0,6.1,0.0,2023-09-27,"Saurashtra Cricket Association Stadium, Rajkot",Rajkot,Lost,4657,Australia tour of India,GJ Maxwell,Australia,Australia
Washington Sundar,48,60,0,10.0,4.8,0.0,2023-09-27,"Saurashtra Cricket Association Stadium, Rajkot",Rajkot,Lost,4657,Australia tour of India,GJ Maxwell,Australia,Australia
AR Patel,38,42,1,7.0,5.43,0.0,2025-02-06,"Vidarbha Cricket Association Stadium, Jamtha, Nagpur",Nagpur,Won,4825,England tour of India,Shubman Gill,England,England
HH Pandya,37,42,0,7.0,5.29,1.0,2025-02-06,"Vidarbha Cricket Association Stadium, Jamtha, Nagpur",Nagpur,Won,4825,England tour of India,Shubman Gill,England,England
Harshit Rana,53,42,3,7.0,7.57,1.0,2025-02-06,"Vidarbha Cricket Association Stadium, Jamtha, Nagpur",Nagpur,Won,4825,England tour of India,Shubman Gill,England,England
Kuldeep Yadav,53,58,1,9.4,5.48,0.0,2025-02-06,"Vidarbha Cricket Association Stadium, Jamtha, Nagpur",Nagpur,Won,4825,England tour of India,Shubman Gill,England,England
Mohammed Shami,38,48,1,8.0,4.75,1.0,2025-02-06,"Vidarbha Cricket Association Stadium, Jamtha, Nagpur",Nagpur,Won,4825,England tour of India,Shubman Gill,England,England
RA Jadeja,26,54,3,9.0,2.89,1.0,2025-02-06,"Vidarbha Cricket Association Stadium, Jamtha, Nagpur",Nagpur,Won,4825,England tour of India,Shubman Gill,England,England
AR Patel,32,36,0,6.0,5.33,0.0,2025-02-09,"Barabati Stadium, Cuttack",Cuttack,Won,4828,England tour of India,RG Sharma,England,England
CV Varun,54,60,1,10.0,5.4,0.0,2025-02-09,"Barabati Stadium, Cuttack",Cuttack,Won,4828,England tour of India,RG Sharma,England,England
HH Pandya,53,42,1,7.0,7.57,0.0,2025-02-09,"Barabati Stadium, Cuttack",Cuttack,Won,4828,England tour of India,RG Sharma,England,England
Harshit Rana,62,54,1,9.0,6.89,0.0,2025-02-09,"Barabati Stadium, Cuttack",Cuttack,Won,4828,England tour of India,RG Sharma,England,England
Mohammed Shami,66,47,1,7.5,8.43,0.0,2025-02-09,"Barabati Stadium, Cuttack",Cuttack,Won,4828,England tour of India,RG Sharma,England,England
RA Jadeja,35,60,3,10.0,3.5,1.0,2025-02-09,"Barabati Stadium, Cuttack",Cuttack,Won,4828,England tour of India,RG Sharma,England,England
AR Patel,22,38,2,6.2,3.47,2.0,2025-02-12,"Narendra Modi Stadium, Ahmedabad",Ahmedabad,Won,4833,England tour of India,Shubman Gill,England,England
Arshdeep Singh,33,30,2,5.0,6.6,0.0,2025-02-12,"Narendra Modi Stadium, Ahmedabad",Ahmedabad,Won,4833,England tour of India,Shubman Gill,England,England
HH Pandya,38,30,2,5.0,7.6,0.0,2025-02-12,"Narendra Modi Stadium, Ahmedabad",Ahmedabad,Won,4833,England tour of India,Shubman Gill,England,England
Harshit Rana,31,30,2,5.0,6.2,1.0,2025-02-12,"Narendra Modi Stadium, Ahmedabad",Ahmedabad,Won,4833,England tour of India,Shubman Gill,England,England
Kuldeep Yadav,38,48,1,8.0,4.75,0.0,2025-02-12,"Narendra Modi Stadium, Ahmedabad",Ahmedabad,Won,4833,England tour of India,Shubman Gill,England,England
Washington Sundar,43,30,1,5.0,8.6,0.0,2025-02-12,"Narendra Modi Stadium, Ahmedabad",Ahmedabad,Won,4833,England tour of India,Shubman Gill,England,England
AR Patel,33,60,2,10.0,3.3,0.0,2024-08-02,"R Premadasa Stadium, Colombo",Colombo,tie,4752,India tour of Sri Lanka,DN Wellalage,Sri Lanka,Sri Lanka
Arshdeep Singh,47,48,2,8.0,5.88,0.0,2024-08-02,"R Premadasa Stadium, Colombo",Colombo,tie,4752,India tour of Sri Lanka,DN Wellalage,Sri Lanka,Sri Lanka
Kuldeep Yadav,33,60,1,10.0,3.3,0.0,2024-08-02,"R Premadasa Stadium, Colombo",Colombo,tie,4752,India tour of Sri Lanka,DN Wellalage,Sri Lanka,Sri Lanka
Mohammed Siraj,36,48,1,8.0,4.5,2.0,2024-08-02,"R Premadasa Stadium, Colombo",Colombo,tie,4752,India tour of Sri Lanka,DN Wellalage,Sri Lanka,Sri Lanka
S Dube,19,24,1,4.0,4.75,0.0,2024-08-02,"R Premadasa Stadium, Colombo",Colombo,tie,4752,India tour of Sri Lanka,DN Wellalage,Sri Lanka,Sri Lanka
Shubman Gill,14,6,0,1.0,14.0,0.0,2024-08-02,"R Premadasa Stadium, Colombo",Colombo,tie,4752,India tour of Sri Lanka,DN Wellalage,Sri Lanka,Sri Lanka
Washington Sundar,46,54,1,9.0,5.11,0.0,2024-08-02,"R Premadasa Stadium, Colombo",Colombo,tie,4752,India tour of Sri Lanka,DN Wellalage,Sri Lanka,Sri Lanka
AR Patel,38,54,1,9.0,4.22,0.0,2024-08-04,"R Premadasa Stadium, Colombo",Colombo,Lost,4753,India tour of Sri Lanka,JDF Vandersay,Sri Lanka,Sri Lanka
Arshdeep Singh,58,54,0,9.0,6.44,0.0,2024-08-04,"R Premadasa Stadium, Colombo",Colombo,Lost,4753,India tour of Sri Lanka,JDF Vandersay,Sri Lanka,Sri Lanka
Kuldeep Yadav,33,60,2,10.0,3.3,1.0,2024-08-04,"R Premadasa Stadium, Colombo",Colombo,Lost,4753,India tour of Sri Lanka,JDF Vandersay,Sri Lanka,Sri Lanka
Mohammed Siraj,43,48,1,8.0,5.38,1.0,2024-08-04,"R Premadasa Stadium, Colombo",Colombo,Lost,4753,India tour of Sri Lanka,JDF Vandersay,Sri Lanka,Sri Lanka
RG Sharma,11,12,0,2.0,5.5,0.0,2024-08-04,"R Premadasa Stadium, Colombo",Colombo,Lost,4753,India tour of Sri Lanka,JDF Vandersay,Sri Lanka,Sri Lanka
S Dube,10,12,0,2.0,5.0,0.0,2024-08-04,"R Premadasa Stadium, Colombo",Colombo,Lost,4753,India tour of Sri Lanka,JDF Vandersay,Sri Lanka,Sri Lanka
Washington Sundar,30,60,3,10.0,3.0,1.0,2024-08-04,"R Premadasa Stadium, Colombo",Colombo,Lost,4753,India tour of Sri Lanka,JDF Vandersay,Sri Lanka,Sri Lanka
AR Patel,41,60,1,10.0,4.1,1.0,2024-08-07,"R Premadasa Stadium, Colombo",Colombo,Lost,4754,India tour of Sri Lanka,WIA Fernando,Sri Lanka,Sri Lanka
Kuldeep Yadav,36,60,1,10.0,3.6,0.0,2024-08-07,"R Premadasa Stadium, Colombo",Colombo,Lost,4754,India tour of Sri Lanka,WIA Fernando,Sri Lanka,Sri Lanka
Mohammed Siraj,78,54,1,9.0,8.67,0.0,2024-08-07,"R Premadasa Stadium, Colombo",Colombo,Lost,4754,India tour of Sri Lanka,WIA Fernando,Sri Lanka,Sri Lanka
R Parag,54,54,3,9.0,6.0,0.0,2024-08-07,"R Premadasa Stadium, Colombo",Colombo,Lost,4754,India tour of Sri Lanka,WIA Fernando,Sri Lanka,Sri Lanka
S Dube,9,24,0,4.0,2.25,0.0,2024-08-07,"R Premadasa Stadium, Colombo",Colombo,Lost,4754,India tour of Sri Lanka,WIA Fernando,Sri Lanka,Sri Lanka
Washington Sundar,29,48,1,8.0,3.62,1.0,2024-08-07,"R Premadasa Stadium, Colombo",Colombo,Lost,4754,India tour of Sri Lanka,WIA Fernando,Sri Lanka,Sri Lanka
AR Patel,43,54,2,9.0,4.78,1.0,2025-02-20,Dubai International Cricket Stadium,Dubai,Won,4844,ICC Champions Trophy,Shubman Gill,Bangladesh,Bangladesh
HH Pandya,20,24,0,4.0,5.0,0.0,2025-02-20,Dubai International Cricket Stadium,Dubai,Won,4844,ICC Champions Trophy,Shubman Gill,Bangladesh,Bangladesh
Harshit Rana,31,46,3,7.4,4.04,1.0,2025-02-20,Dubai International Cricket Stadium,Dubai,Won,4844,ICC Champions Trophy,Shubman Gill,Bangladesh,Bangladesh
Kuldeep Yadav,43,60,0,10.0,4.3,0.0,2025-02-20,Dubai International Cricket Stadium,Dubai,Won,4844,ICC Champions Trophy,Shubman Gill,Bangladesh,Bangladesh
Mohammed Shami,53,60,5,10.0,5.3,0.0,2025-02-20,Dubai International Cricket Stadium,Dubai,Won,4844,ICC Champions Trophy,Shubman Gill,Bangladesh,Bangladesh
RA Jadeja,37,54,0,9.0,4.11,0.0,2025-02-20,Dubai International Cricket Stadium,Dubai,Won,4844,ICC Champions Trophy,Shubman Gill,Bangladesh,Bangladesh
AR Patel,49,60,1,10.0,4.9,0.0,2025-02-23,Dubai International Cricket Stadium,Dubai,Won,4847,ICC Champions Trophy,V Kohli,Pakistan,Pakistan
HH Pandya,31,48,2,8.0,3.88,0.0,2025-02-23,Dubai International Cricket Stadium,Dubai,Won,4847,ICC Champions Trophy,V Kohli,Pakistan,Pakistan
Harshit Rana,30,46,1,7.4,3.91,1.0,2025-02-23,Dubai International Cricket Stadium,Dubai,Won,4847,ICC Champions Trophy,V Kohli,Pakistan,Pakistan
Kuldeep Yadav,40,54,3,9.0,4.44,0.0,2025-02-23,Dubai International Cricket Stadium,Dubai,Won,4847,ICC Champions Trophy,V Kohli,Pakistan,Pakistan
Mohammed Shami,43,48,0,8.0,5.38,0.0,2025-02-23,Dubai International Cricket Stadium,Dubai,Won,4847,ICC Champions Trophy,V Kohli,Pakistan,Pakistan
RA Jadeja,40,42,1,7.0,5.71,0.0,2025-02-23,Dubai International Cricket Stadium,Dubai,Won,4847,ICC Champions Trophy,V Kohli,Pakistan,Pakistan
AR Patel,32,60,1,10.0,3.2,0.0,2025-03-02,Dubai International Cricket Stadium,Dubai,Won,4852,ICC Champions Trophy,CV Varun,New Zealand,New Zealand
CV Varun,42,60,5,10.0,4.2,0.0,2025-03-02,Dubai International Cricket Stadium,Dubai,Won,4852,ICC Champions Trophy,CV Varun,New Zealand,New Zealand
HH Pandya,22,24,1,4.0,5.5,0.0,2025-03-02,Dubai International Cricket Stadium,Dubai,Won,4852,ICC Champions Trophy,CV Varun,New Zealand,New Zealand
Kuldeep Yadav,56,57,2,9.3,5.89,0.0,2025-03-02,Dubai International Cricket Stadium,Dubai,Won,4852,ICC Champions Trophy,CV Varun,New Zealand,New Zealand
Mohammed Shami,15,24,0,4.0,3.75,0.0,2025-03-02,Dubai International Cricket Stadium,Dubai,Won,4852,ICC Champions Trophy,CV Varun,New Zealand,New Zealand
RA Jadeja,36,48,1,8.0,4.5,0.0,2025-03-02,Dubai International Cricket Stadium,Dubai,Won,4852,ICC Champions Trophy,CV Varun,New Zealand,New Zealand
AR Patel,43,48,1,8.0,5.38,1.0,2025-03-04,Dubai International Cricket Stadium,Dubai,Won,4853,ICC Champions Trophy,V Kohli,Australia,Australia
CV Varun,49,60,2,10.0,4.9,0.0,2025-03-04,Dubai International Cricket Stadium,Dubai,Won,4853,ICC Champions Trophy,V Kohli,Australia,Australia
HH Pandya,40,33,1,5.3,7.27,0.0,2025-03-04,Dubai International Cricket Stadium,Dubai,Won,4853,ICC Champions Trophy,V Kohli,Australia,Australia
Kuldeep Yadav,44,48,0,8.0,5.5,0.0,2025-03-04,Dubai International Cricket Stadium,Dubai,Won,4853,ICC Champions Trophy,V Kohli,Australia,Australia
Mohammed Shami,48,60,3,10.0,4.8,0.0,2025-03-04,Dubai International Cricket Stadium,Dubai,Won,4853,ICC Champions Trophy,V Kohli,Australia,Australia
RA Jadeja,40,48,2,8.0,5.0,1.0,2025-03-04,Dubai International Cricket Stadium,Dubai,Won,4853,ICC Champions Trophy,V Kohli,Australia,Australia
AR Patel,29,48,0,8.0,3.62,0.0,2025-03-09,Dubai International Cricket Stadium,Dubai,Won,4858,ICC Champions Trophy,RG Sharma,New Zealand,New Zealand
CV Varun,45,60,2,10.0,4.5,0.0,2025-03-09,Dubai International Cricket Stadium,Dubai,Won,4858,ICC Champions Trophy,RG Sharma,New Zealand,New Zealand
HH Pandya,30,18,0,3.0,10.0,0.0,2025-03-09,Dubai International Cricket Stadium,Dubai,Won,4858,ICC Champions Trophy,RG Sharma,New Zealand,New Zealand
Kuldeep Yadav,40,60,2,10.0,4.0,0.0,2025-03-09,Dubai International Cricket Stadium,Dubai,Won,4858,ICC Champions Trophy,RG Sharma,New Zealand,New Zealand
Mohammed Shami,74,54,1,9.0,8.22,0.0,2025-03-09,Dubai International Cricket Stadium,Dubai,Won,4858,ICC Champions Trophy,RG Sharma,New Zealand,New Zealand
RA Jadeja,30,60,1,10.0,3.0,0.0,2025-03-09,Dubai International Cricket Stadium,Dubai,Won,4858,ICC Champions Trophy,RG Sharma,New Zealand,New Zealand
AR Patel,19,24,1,4.0,4.75,0.0,2025-10-19,Perth Stadium,Perth,Lost,4911,India tour of Australia,MR Marsh,Australia,Australia
Arshdeep Singh,31,30,1,5.0,6.2,0.0,2025-10-19,Perth Stadium,Perth,Lost,4911,India tour of Australia,MR Marsh,Australia,Australia
Harshit Rana,27,24,0,4.0,6.75,0.0,2025-10-19,Perth Stadium,Perth,Lost,4911,India tour of Australia,MR Marsh,Australia,Australia
Mohammed Siraj,21,24,0,4.0,5.25,1.0,2025-10-19,Perth Stadium,Perth,Lost,4911,India tour of Australia,MR Marsh,Australia,Australia
Nithish Kumar Reddy,16,13,0,2.1,7.38,0.0,2025-10-19,Perth Stadium,Perth,Lost,4911,India tour of Australia,MR Marsh,Australia,Australia
Washington Sundar,14,12,1,2.0,7.0,0.0,2025-10-19,Perth Stadium,Perth,Lost,4911,India tour of Australia,MR Marsh,Australia,Australia
AR Patel,52,60,1,10.0,5.2,0.0,2025-10-23,Adelaide Oval,Adelaide,Lost,4913,India tour of Australia,A Zampa,Australia,Australia
Arshdeep Singh,41,50,2,8.2,4.92,0.0,2025-10-23,Adelaide Oval,Adelaide,Lost,4913,India tour of Australia,A Zampa,Australia,Australia
Harshit Rana,59,48,2,8.0,7.38,0.0,2025-10-23,Adelaide Oval,Adelaide,Lost,4913,India tour of Australia,A Zampa,Australia,Australia
Mohammed Siraj,49,60,1,10.0,4.9,0.0,2025-10-23,Adelaide Oval,Adelaide,Lost,4913,India tour of Australia,A Zampa,Australia,Australia
Nithish Kumar Reddy,24,18,0,3.0,8.0,0.0,2025-10-23,Adelaide Oval,Adelaide,Lost,4913,India tour of Australia,A Zampa,Australia,Australia
Washington Sundar,37,42,2,7.0,5.29,0.0,2025-10-23,Adelaide Oval,Adelaide,Lost,4913,India tour of Australia,A Zampa,Australia,Australia
AR Patel,18,36,1,6.0,3.0,0.0,2025-10-25,Sydney Cricket Ground,Sydney,Won,4915,India tour of Australia,RG Sharma,Australia,Australia
Harshit Rana,39,52,4,8.4,4.5,1.0,2025-10-25,Sydney Cricket Ground,Sydney,Won,4915,India tour of Australia,RG Sharma,Australia,Australia
Kuldeep Yadav,50,60,1,10.0,5.0,0.0,2025-10-25,Sydney Cricket Ground,Sydney,Won,4915,India tour of Australia,RG Sharma,Australia,Australia
M Prasidh Krishna,52,42,1,7.0,7.43,0.0,2025-10-25,Sydney Cricket Ground,Sydney,Won,4915,India tour of Australia,RG Sharma,Australia,Australia
Mohammed Siraj,24,30,1,5.0,4.8,1.0,2025-10-25,Sydney Cricket Ground,Sydney,Won,4915,India tour of Australia,RG Sharma,Australia,Australia
Washington Sundar,44,60,2,10.0,4.4,0.0,2025-10-25,Sydney Cricket Ground,Sydney,Won,4915,India tour of Australia,RG Sharma,Australia,Australia
Arshdeep Singh,64,60,2,10.0,6.4,1.0,2025-11-30,"JSCA International Stadium Complex, Ranchi",Ranchi,Won,4934,South Africa tour of India,V Kohli,South Africa,South Africa
Harshit Rana,65,60,3,10.0,6.5,0.0,2025-11-30,"JSCA International Stadium Complex, Ranchi",Ranchi,Won,4934,South Africa tour of India,V Kohli,South Africa,South Africa
Kuldeep Yadav,68,60,4,10.0,6.8,0.0,2025-11-30,"JSCA International Stadium Complex, Ranchi",Ranchi,Won,4934,South Africa tour of India,V Kohli,South Africa,South Africa
M Prasidh Krishna,48,44,1,7.2,6.55,2.0,2025-11-30,"JSCA International Stadium Complex, Ranchi",Ranchi,Won,4934,South Africa tour of India,V Kohli,South Africa,South Africa
RA Jadeja,66,54,0,9.0,7.33,0.0,2025-11-30,"JSCA International Stadium Complex, Ranchi",Ranchi,Won,4934,South Africa tour of India,V Kohli,South Africa,South Africa
Washington Sundar,18,18,0,3.0,6.0,0.0,2025-11-30,"JSCA International Stadium Complex, Ranchi",Ranchi,Won,4934,South Africa tour of India,V Kohli,South Africa,South Africa
Arshdeep Singh,54,60,2,10.0,5.4,0.0,2025-12-03,"Shaheed Veer Narayan Singh International Stadium, Raipur",Raipur,Lost,4935,South Africa tour of India,AK Markram,South Africa,South Africa
Harshit Rana,70,60,1,10.0,7.0,0.0,2025-12-03,"Shaheed Veer Narayan Singh International Stadium, Raipur",Raipur,Lost,4935,South Africa tour of India,AK Markram,South Africa,South Africa
Kuldeep Yadav,78,60,1,10.0,7.8,0.0,2025-12-03,"Shaheed Veer Narayan Singh International Stadium, Raipur",Raipur,Lost,4935,South Africa tour of India,AK Markram,South Africa,South Africa
M Prasidh Krishna,85,50,2,8.2,10.2,0.0,2025-12-03,"Shaheed Veer Narayan Singh International Stadium, Raipur",Raipur,Lost,4935,South Africa tour of India,AK Markram,South Africa,South Africa
RA Jadeja,41,42,0,7.0,5.86,0.0,2025-12-03,"Shaheed Veer Narayan Singh International Stadium, Raipur",Raipur,Lost,4935,South Africa tour of India,AK Markram,South Africa,South Africa
Washington Sundar,28,24,0,4.0,7.0,0.0,2025-12-03,"Shaheed Veer Narayan Singh International Stadium, Raipur",Raipur,Lost,4935,South Africa tour of India,AK Markram,South Africa,South Africa
Arshdeep Singh,36,48,1,8.0,4.5,1.0,2025-12-06,"Dr. Y.S. Rajasekhara Reddy ACA-VDCA Cricket Stadium, Visakhapatnam",Visakhapatnam,Won,4936,South Africa tour of India,YBK Jaiswal,South Africa,India
Harshit Rana,44,48,0,8.0,5.5,2.0,2025-12-06,"Dr. Y.S. Rajasekhara Reddy ACA-VDCA Cricket Stadium, Visakhapatnam",Visakhapatnam,Won,4936,South Africa tour of India,YBK Jaiswal,South Africa,India
Kuldeep Yadav,41,60,4,10.0,4.1,1.0,2025-12-06,"Dr. Y.S. Rajasekhara Reddy ACA-VDCA Cricket Stadium, Visakhapatnam",Visakhapatnam,Won,4936,South Africa tour of India,YBK Jaiswal,South Africa,India
M Prasidh Krishna,66,59,4,9.5,6.71,0.0,2025-12-06,"Dr. Y.S. Rajasekhara Reddy ACA-VDCA Cricket Stadium, Visakhapatnam",Visakhapatnam,Won,4936,South Africa tour of India,YBK Jaiswal,South Africa,India
RA Jadeja,50,54,1,9.0,5.56,0.0,2025-12-06,"Dr. Y.S. Rajasekhara Reddy ACA-VDCA Cricket Stadium, Visakhapatnam",Visakhapatnam,Won,4936,South Africa tour of India,YBK Jaiswal,South Africa,India
Tilak Varma,29,18,0,3.0,9.67,0.0,2025-12-06,"Dr. Y.S. Rajasekhara Reddy ACA-VDCA Cricket Stadium, Visakhapatnam",Visakhapatnam,Won,4936,South Africa tour of India,YBK Jaiswal,South Africa,India
Harshit Rana,65,60,2,10.0,6.5,0.0,2026-01-11,"Kotambi Stadium, Vadodara",Vadodara,Won,4937,New Zealand tour of India,V Kohli,New Zealand,India
Kuldeep Yadav,52,54,1,9.0,5.78,0.0,2026-01-11,"Kotambi Stadium, Vadodara",Vadodara,Won,4937,New Zealand tour of India,V Kohli,New Zealand,India
M Prasidh Krishna,60,54,2,9.0,6.67,0.0,2026-01-11,"Kotambi Stadium, Vadodara",Vadodara,Won,4937,New Zealand tour of India,V Kohli,New Zealand,India
Mohammed Siraj,40,48,2,8.0,5.0,0.0,2026-01-11,"Kotambi Stadium, Vadodara",Vadodara,Won,4937,New Zealand tour of India,V Kohli,New Zealand,India
RA Jadeja,56,54,0,9.0,6.22,0.0,2026-01-11,"Kotambi Stadium, Vadodara",Vadodara,Won,4937,New Zealand tour of India,V Kohli,New Zealand,India
Washington Sundar,27,30,0,5.0,5.4,0.0,2026-01-11,"Kotambi Stadium, Vadodara",Vadodara,Won,4937,New Zealand tour of India,V Kohli,New Zealand,India
Harshit Rana,52,57,1,9.3,5.47,1.0,2026-01-14,"Niranjan Shah Stadium, Rajkot",Rajkot,Lost,4938,New Zealand tour of India,DJ Mitchell,New Zealand,New Zealand
Kuldeep Yadav,82,60,1,10.0,8.2,0.0,2026-01-14,"Niranjan Shah Stadium, Rajkot",Rajkot,Lost,4938,New Zealand tour of India,DJ Mitchell,New Zealand,New Zealand
M Prasidh Krishna,49,54,1,9.0,5.44,0.0,2026-01-14,"Niranjan Shah Stadium, Rajkot",Rajkot,Lost,4938,New Zealand tour of India,DJ Mitchell,New Zealand,New Zealand
Mohammed Siraj,41,54,0,9.0,4.56,0.0,2026-01-14,"Niranjan Shah Stadium, Rajkot",Rajkot,Lost,4938,New Zealand tour of India,DJ Mitchell,New Zealand,New Zealand
Nithish Kumar Reddy,13,12,0,2.0,6.5,0.0,2026-01-14,"Niranjan Shah Stadium, Rajkot",Rajkot,Lost,4938,New Zealand tour of India,DJ Mitchell,New Zealand,New Zealand
RA Jadeja,44,48,0,8.0,5.5,0.0,2026-01-14,"Niranjan Shah Stadium, Rajkot",Rajkot,Lost,4938,New Zealand tour of India,DJ Mitchell,New Zealand,New Zealand
Arshdeep Singh,63,60,3,10.0,6.3,1.0,2026-01-18,"Holkar Cricket Stadium, Indore",Indore,Lost,4939,New Zealand tour of India,DJ Mitchell,New Zealand,India
Harshit Rana,84,60,3,10.0,8.4,0.0,2026-01-18,"Holkar Cricket Stadium, Indore",Indore,Lost,4939,New Zealand tour of India,DJ Mitchell,New Zealand,India
Kuldeep Yadav,49,36,1,6.0,8.17,0.0,2026-01-18,"Holkar Cricket Stadium, Indore",Indore,Lost,4939,New Zealand tour of India,DJ Mitchell,New Zealand,India
Mohammed Siraj,43,60,1,10.0,4.3,0.0,2026-01-18,"Holkar Cricket Stadium, Indore",Indore,Lost,4939,New Zealand tour of India,DJ Mitchell,New Zealand,India
Nithish Kumar Reddy,53,48,0,8.0,6.62,0.0,2026-01-18,"Holkar Cricket Stadium, Indore",Indore,Lost,4939,New Zealand tour of India,DJ Mitchell,New Zealand,India
RA Jadeja,41,36,0,6.0,6.83,0.0,2026-01-18,"Holkar Cricket Stadium, Indore",Indore,Lost,4939,New Zealand tour of India,DJ Mitchell,New Zealand,India
HH Pandya,28,18,1,3.0,9.33,0.0,2023-10-08,"MA Chidambaram Stadium, Chepauk, Chennai",Chennai,Won,4662,ICC Cricket World Cup,KL Rahul,Australia,Australia
JJ Bumrah,35,60,2,10.0,3.5,0.0,2023-10-08,"MA Chidambaram Stadium, Chepauk, Chennai",Chennai,Won,4662,ICC Cricket World Cup,KL Rahul,Australia,Australia
Kuldeep Yadav,42,60,2,10.0,4.2,0.0,2023-10-08,"MA Chidambaram Stadium, Chepauk, Chennai",Chennai,Won,4662,ICC Cricket World Cup,KL Rahul,Australia,Australia
Mohammed Siraj,26,39,1,6.3,4.0,1.0,2023-10-08,"MA Chidambaram Stadium, Chepauk, Chennai",Chennai,Won,4662,ICC Cricket World Cup,KL Rahul,Australia,Australia
R Ashwin,34,60,1,10.0,3.4,1.0,2023-10-08,"MA Chidambaram Stadium, Chepauk, Chennai",Chennai,Won,4662,ICC Cricket World Cup,KL Rahul,Australia,Australia
RA Jadeja,28,60,3,10.0,2.8,1.0,2023-10-08,"MA Chidambaram Stadium, Chepauk, Chennai",Chennai,Won,4662,ICC Cricket World Cup,KL Rahul,Australia,Australia
HH Pandya,34,36,2,6.0,5.67,0.0,2023-10-14,"Narendra Modi Stadium, Ahmedabad",Ahmedabad,Won,4669,ICC Cricket World Cup,JJ Bumrah,Pakistan,India
JJ Bumrah,19,42,2,7.0,2.71,1.0,2023-10-14,"Narendra Modi Stadium, Ahmedabad",Ahmedabad,Won,4669,ICC Cricket World Cup,JJ Bumrah,Pakistan,India
Kuldeep Yadav,35,60,2,10.0,3.5,0.0,2023-10-14,"Narendra Modi Stadium, Ahmedabad",Ahmedabad,Won,4669,ICC Cricket World Cup,JJ Bumrah,Pakistan,India
Mohammed Siraj,50,48,2,8.0,6.25,0.0,2023-10-14,"Narendra Modi Stadium, Ahmedabad",Ahmedabad,Won,4669,ICC Cricket World Cup,JJ Bumrah,Pakistan,India
RA Jadeja,38,59,2,9.5,3.86,0.0,2023-10-14,"Narendra Modi Stadium, Ahmedabad",Ahmedabad,Won,4669,ICC Cricket World Cup,JJ Bumrah,Pakistan,India
SN Thakur,12,12,0,2.0,6.0,0.0,2023-10-14,"Narendra Modi Stadium, Ahmedabad",Ahmedabad,Won,4669,ICC Cricket World Cup,JJ Bumrah,Pakistan,India
HH Pandya,8,3,0,0.3,16.0,0.0,2023-10-19,"Maharashtra Cricket Association Stadium, Pune",Pune,Won,4674,ICC Cricket World Cup,V Kohli,Bangladesh,Bangladesh
JJ Bumrah,41,60,2,10.0,4.1,1.0,2023-10-19,"Maharashtra Cricket Association Stadium, Pune",Pune,Won,4674,ICC Cricket World Cup,V Kohli,Bangladesh,Bangladesh
Kuldeep Yadav,47,60,1,10.0,4.7,0.0,2023-10-19,"Maharashtra Cricket Association Stadium, Pune",Pune,Won,4674,ICC Cricket World Cup,V Kohli,Bangladesh,Bangladesh
Mohammed Siraj,60,60,2,10.0,6.0,0.0,2023-10-19,"Maharashtra Cricket Association Stadium, Pune",Pune,Won,4674,ICC Cricket World Cup,V Kohli,Bangladesh,Bangladesh
RA Jadeja,38,60,2,10.0,3.8,0.0,2023-10-19,"Maharashtra Cricket Association Stadium, Pune",Pune,Won,4674,ICC Cricket World Cup,V Kohli,Bangladesh,Bangladesh
SN Thakur,59,54,1,9.0,6.56,0.0,2023-10-19,"Maharashtra Cricket Association Stadium, Pune",Pune,Won,4674,ICC Cricket World Cup,V Kohli,Bangladesh,Bangladesh
V Kohli,2,3,0,0.3,4.0,,2023-10-19,"Maharashtra Cricket Association Stadium, Pune",Pune,Won,4674,ICC Cricket World Cup,V Kohli,Bangladesh,Bangladesh
JJ Bumrah,45,60,1,10.0,4.5,1.0,2023-10-22,"Himachal Pradesh Cricket Association Stadium, Dharamsala",Dharamsala,Won,4678,ICC Cricket World Cup,Mohammed Shami,New Zealand,India
Kuldeep Yadav,73,60,2,10.0,7.3,0.0,2023-10-22,"Himachal Pradesh Cricket Association Stadium, Dharamsala",Dharamsala,Won,4678,ICC Cricket World Cup,Mohammed Shami,New Zealand,India
Mohammed Shami,54,60,5,10.0,5.4,0.0,2023-10-22,"Himachal Pradesh Cricket Association Stadium, Dharamsala",Dharamsala,Won,4678,ICC Cricket World Cup,Mohammed Shami,New Zealand,India
Mohammed Siraj,45,60,1,10.0,4.5,1.0,2023-10-22,"Himachal Pradesh Cricket Association Stadium, Dharamsala",Dharamsala,Won,4678,ICC Cricket World Cup,Mohammed Shami,New Zealand,India
RA Jadeja,48,60,0,10.0,4.8,0.0,2023-10-22,"Himachal Pradesh Cricket Association Stadium, Dharamsala",Dharamsala,Won,4678,ICC Cricket World Cup,Mohammed Shami,New Zealand,India
JJ Bumrah,32,41,3,6.5,4.68,1.0,2023-10-29,"Bharat Ratna Shri Atal Bihari Vajpayee Ekana Cricket Stadium, Lucknow",Lucknow,Won,4686,ICC Cricket World Cup,RG Sharma,England,England
Kuldeep Yadav,24,48,2,8.0,3.0,0.0,2023-10-29,"Bharat Ratna Shri Atal Bihari Vajpayee Ekana Cricket Stadium, Lucknow",Lucknow,Won,4686,ICC Cricket World Cup,RG Sharma,England,England
Mohammed Shami,22,42,4,7.0,3.14,2.0,2023-10-29,"Bharat Ratna Shri Atal Bihari Vajpayee Ekana Cricket Stadium, Lucknow",Lucknow,Won,4686,ICC Cricket World Cup,RG Sharma,England,England
Mohammed Siraj,33,36,0,6.0,5.5,0.0,2023-10-29,"Bharat Ratna Shri Atal Bihari Vajpayee Ekana Cricket Stadium, Lucknow",Lucknow,Won,4686,ICC Cricket World Cup,RG Sharma,England,England
RA Jadeja,16,42,1,7.0,2.29,1.0,2023-10-29,"Bharat Ratna Shri Atal Bihari Vajpayee Ekana Cricket Stadium, Lucknow",Lucknow,Won,4686,ICC Cricket World Cup,RG Sharma,England,England
JJ Bumrah,8,30,1,5.0,1.6,1.0,2023-11-02,"Wankhede Stadium, Mumbai",Mumbai,Won,4690,ICC Cricket World Cup,Mohammed Shami,Sri Lanka,Sri Lanka
Kuldeep Yadav,3,12,0,2.0,1.5,0.0,2023-11-02,"Wankhede Stadium, Mumbai",Mumbai,Won,4690,ICC Cricket World Cup,Mohammed Shami,Sri Lanka,Sri Lanka
Mohammed Shami,18,30,5,5.0,3.6,1.0,2023-11-02,"Wankhede Stadium, Mumbai",Mumbai,Won,4690,ICC Cricket World Cup,Mohammed Shami,Sri Lanka,Sri Lanka
Mohammed Siraj,16,42,3,7.0,2.29,2.0,2023-11-02,"Wankhede Stadium, Mumbai",Mumbai,Won,4690,ICC Cricket World Cup,Mohammed Shami,Sri Lanka,Sri Lanka
RA Jadeja,4,4,1,0.4,6.0,0.0,2023-11-02,"Wankhede Stadium, Mumbai",Mumbai,Won,4690,ICC Cricket World Cup,Mohammed Shami,Sri Lanka,Sri Lanka
JJ Bumrah,14,30,0,5.0,2.8,0.0,2023-11-05,"Eden Gardens, Kolkata",Kolkata,Won,4694,ICC Cricket World Cup,V Kohli,South Africa,India
Kuldeep Yadav,7,31,2,5.1,1.35,2.0,2023-11-05,"Eden Gardens, Kolkata",Kolkata,Won,4694,ICC Cricket World Cup,V Kohli,South Africa,India
Mohammed Shami,18,24,2,4.0,4.5,0.0,2023-11-05,"Eden Gardens, Kolkata",Kolkata,Won,4694,ICC Cricket World Cup,V Kohli,South Africa,India
Mohammed Siraj,11,24,1,4.0,2.75,1.0,2023-11-05,"Eden Gardens, Kolkata",Kolkata,Won,4694,ICC Cricket World Cup,V Kohli,South Africa,India
RA Jadeja,33,54,5,9.0,3.67,1.0,2023-11-05,"Eden Gardens, Kolkata",Kolkata,Won,4694,ICC Cricket World Cup,V Kohli,South Africa,India
JJ Bumrah,33,54,2,9.0,3.67,1.0,2023-11-12,"M Chinnaswamy Stadium, Bengaluru",Bengaluru,Won,4702,ICC Cricket World Cup,SS Iyer,Netherlands,India
Kuldeep Yadav,41,60,2,10.0,4.1,1.0,2023-11-12,"M Chinnaswamy Stadium, Bengaluru",Bengaluru,Won,4702,ICC Cricket World Cup,SS Iyer,Netherlands,India
Mohammed Shami,41,36,0,6.0,6.83,0.0,2023-11-12,"M Chinnaswamy Stadium, Bengaluru",Bengaluru,Won,4702,ICC Cricket World Cup,SS Iyer,Netherlands,India
Mohammed Siraj,29,36,2,6.0,4.83,1.0,2023-11-12,"M Chinnaswamy Stadium, Bengaluru",Bengaluru,Won,4702,ICC Cricket World Cup,SS Iyer,Netherlands,India
RA Jadeja,49,54,2,9.0,5.44,0.0,2023-11-12,"M Chinnaswamy Stadium, Bengaluru",Bengaluru,Won,4702,ICC Cricket World Cup,SS Iyer,Netherlands,India
RG Sharma,7,5,1,0.5,8.4,0.0,2023-11-12,"M Chinnaswamy Stadium, Bengaluru",Bengaluru,Won,4702,ICC Cricket World Cup,SS Iyer,Netherlands,India
SA Yadav,17,12,0,2.0,8.5,0.0,2023-11-12,"M Chinnaswamy Stadium, Bengaluru",Bengaluru,Won,4702,ICC Cricket World Cup,SS Iyer,Netherlands,India
Shubman Gill,11,12,0,2.0,5.5,0.0,2023-11-12,"M Chinnaswamy Stadium, Bengaluru",Bengaluru,Won,4702,ICC Cricket World Cup,SS Iyer,Netherlands,India
V Kohli,13,18,1,3.0,4.33,0.0,2023-11-12,"M Chinnaswamy Stadium, Bengaluru",Bengaluru,Won,4702,ICC Cricket World Cup,SS Iyer,Netherlands,India
JJ Bumrah,64,60,1,10.0,6.4,1.0,2023-11-15,"Wankhede Stadium, Mumbai",Mumbai,Won,4703,ICC Cricket World Cup,Mohammed Shami,New Zealand,India
Kuldeep Yadav,56,60,1,10.0,5.6,0.0,2023-11-15,"Wankhede Stadium, Mumbai",Mumbai,Won,4703,ICC Cricket World Cup,Mohammed Shami,New Zealand,India
Mohammed Shami,57,59,7,9.5,5.8,0.0,2023-11-15,"Wankhede Stadium, Mumbai",Mumbai,Won,4703,ICC Cricket World Cup,Mohammed Shami,New Zealand,India
Mohammed Siraj,78,54,1,9.0,8.67,0.0,2023-11-15,"Wankhede Stadium, Mumbai",Mumbai,Won,4703,ICC Cricket World Cup,Mohammed Shami,New Zealand,India
RA Jadeja,63,60,0,10.0,6.3,0.0,2023-11-15,"Wankhede Stadium, Mumbai",Mumbai,Won,4703,ICC Cricket World Cup,Mohammed Shami,New Zealand,India
JJ Bumrah,43,54,2,9.0,4.78,1.0,2023-11-19,"Narendra Modi Stadium, Ahmedabad",Ahmedabad,Lost,4705,ICC Cricket World Cup,TM Head,Australia,Australia
Kuldeep Yadav,56,60,0,10.0,5.6,0.0,2023-11-19,"Narendra Modi Stadium, Ahmedabad",Ahmedabad,Lost,4705,ICC Cricket World Cup,TM Head,Australia,Australia
Mohammed Shami,47,42,1,7.0,6.71,1.0,2023-11-19,"Narendra Modi Stadium, Ahmedabad",Ahmedabad,Lost,4705,ICC Cricket World Cup,TM Head,Australia,Australia
Mohammed Siraj,45,42,1,7.0,6.43,0.0,2023-11-19,"Narendra Modi Stadium, Ahmedabad",Ahmedabad,Lost,4705,ICC Cricket World Cup,TM Head,Australia,Australia
RA Jadeja,43,60,0,10.0,4.3,0.0,2023-11-19,"Narendra Modi Stadium, Ahmedabad",Ahmedabad,Lost,4705,ICC Cricket World Cup,TM Head,Australia,Australia
